major_topic,sub_topic,student_id,is_correct
Mathematics,Discrete Mathematics,359,1
Mathematics,Discrete Mathematics,621,1
Computer Science,Databases,1366,1
Mathematics,Discrete Mathematics,1377,0
Physics,Mechanics,535,0
Physics,Quantum,91,0
Physics,Quantum,166,1
Physics,Mechanics,907,1
Mathematics,Discrete Mathematics,502,0
Mathematics,Calculus,731,1
Physics,Quantum,144,1
Physics,Electromagnetism,1258,0
Physics,Electromagnetism,88,0
Computer Science,Operating Systems,444,0
Mathematics,Calculus,1403,1
Physics,Electromagnetism,1430,0
Mathematics,Calculus,254,1
Mathematics,Discrete Mathematics,126,0
Physics,Quantum,468,1
Computer Science,Databases,440,1
Physics,Quantum,741,1
Computer Science,Operating Systems,1029,0
Physics,Electromagnetism,1102,1
Computer Science,Databases,1174,1
Mathematics,Discrete Mathematics,1358,1
Mathematics,Discrete Mathematics,380,0
Computer Science,Databases,147,0
Mathematics,Discrete Mathematics,1049,1
Mathematics,Discrete Mathematics,445,1
Physics,Quantum,434,0
Mathematics,Discrete Mathematics,688,0
Physics,Mechanics,1448,1
Computer Science,Operating Systems,1010,1
Computer Science,Databases,544,0
Physics,Mechanics,1214,1
Physics,Mechanics,1092,0
Physics,Quantum,1475,1
Mathematics,Calculus,234,0
Physics,Quantum,71,1
Physics,Electromagnetism,862,0
Computer Science,Operating Systems,962,1
Physics,Electromagnetism,1281,1
Physics,Electromagnetism,1450,1
Computer Science,Operating Systems,442,1
Computer Science,Databases,1324,1
Computer Science,Operating Systems,1084,1
Mathematics,Discrete Mathematics,110,1
Computer Science,Databases,141,1
Physics,Electromagnetism,823,0
Physics,Electromagnetism,1106,0
Computer Science,Databases,142,0
Computer Science,Operating Systems,483,1
Mathematics,Calculus,1284,0
Physics,Quantum,159,1
Mathematics,Calculus,1338,0
Mathematics,Calculus,373,1
Mathematics,Calculus,508,0
Physics,Quantum,115,1
Mathematics,Discrete Mathematics,913,0
Physics,Quantum,1487,0
Computer Science,Databases,203,1
Mathematics,Calculus,1154,1
Mathematics,Discrete Mathematics,1116,1
Physics,Mechanics,872,1
Physics,Quantum,276,0
Physics,Quantum,366,1
Physics,Quantum,478,1
Physics,Quantum,259,0
Physics,Mechanics,1112,0
Computer Science,Operating Systems,417,0
Physics,Electromagnetism,787,0
Mathematics,Discrete Mathematics,520,1
Physics,Quantum,1407,1
Physics,Electromagnetism,269,0
Physics,Electromagnetism,493,1
Computer Science,Databases,1421,1
Mathematics,Calculus,1201,1
Mathematics,Calculus,1151,1
Physics,Quantum,1449,0
Physics,Electromagnetism,1192,1
Physics,Quantum,545,1
Computer Science,Operating Systems,1149,1
Physics,Mechanics,261,1
Mathematics,Calculus,8,0
Computer Science,Operating Systems,873,0
Computer Science,Operating Systems,135,1
Physics,Mechanics,1134,1
Physics,Mechanics,1016,1
Mathematics,Calculus,630,0
Physics,Quantum,841,1
Computer Science,Databases,1379,1
Mathematics,Calculus,1259,1
Physics,Quantum,190,0
Computer Science,Operating Systems,1274,1
Physics,Quantum,539,1
Computer Science,Databases,1234,0
Computer Science,Operating Systems,1192,1
Computer Science,Databases,1035,0
Mathematics,Calculus,374,0
Physics,Electromagnetism,456,0
Mathematics,Discrete Mathematics,229,1
Physics,Mechanics,1401,0
Computer Science,Databases,688,1
Computer Science,Operating Systems,450,1
Computer Science,Databases,960,1
Computer Science,Databases,344,1
Mathematics,Discrete Mathematics,1367,0
Physics,Electromagnetism,49,1
Computer Science,Databases,253,1
Computer Science,Databases,1471,0
Physics,Quantum,413,0
Computer Science,Operating Systems,574,1
Computer Science,Operating Systems,4,0
Computer Science,Operating Systems,1406,1
Mathematics,Discrete Mathematics,1476,0
Computer Science,Operating Systems,1433,1
Physics,Mechanics,968,1
Physics,Quantum,305,1
Physics,Quantum,695,1
Mathematics,Discrete Mathematics,521,1
Mathematics,Calculus,1394,1
Computer Science,Operating Systems,1444,0
Computer Science,Databases,472,0
Mathematics,Calculus,1488,0
Computer Science,Databases,602,1
Physics,Electromagnetism,813,1
Physics,Quantum,482,0
Physics,Quantum,531,1
Mathematics,Calculus,22,0
Computer Science,Databases,1108,1
Computer Science,Operating Systems,753,1
Mathematics,Discrete Mathematics,337,1
Mathematics,Calculus,1094,1
Physics,Mechanics,748,0
Computer Science,Operating Systems,131,0
Mathematics,Discrete Mathematics,1460,1
Mathematics,Discrete Mathematics,441,1
Physics,Mechanics,1191,0
Mathematics,Calculus,1485,1
Computer Science,Databases,818,1
Mathematics,Calculus,537,1
Physics,Quantum,15,1
Computer Science,Databases,364,0
Computer Science,Databases,1042,0
Mathematics,Calculus,939,1
Physics,Mechanics,1039,1
Physics,Quantum,688,1
Computer Science,Databases,388,0
Mathematics,Calculus,414,0
Computer Science,Databases,1420,1
Computer Science,Databases,1221,1
Mathematics,Discrete Mathematics,790,1
Mathematics,Discrete Mathematics,105,0
Physics,Mechanics,1186,0
Physics,Electromagnetism,1387,1
Physics,Quantum,1175,0
Physics,Mechanics,1113,0
Mathematics,Discrete Mathematics,1478,1
Physics,Quantum,302,0
Physics,Mechanics,1010,0
Physics,Mechanics,1162,1
Physics,Electromagnetism,1448,1
Computer Science,Operating Systems,275,0
Physics,Mechanics,974,1
Mathematics,Discrete Mathematics,942,0
Physics,Mechanics,1021,0
Mathematics,Calculus,792,1
Physics,Quantum,1340,1
Computer Science,Databases,262,1
Computer Science,Operating Systems,186,1
Computer Science,Operating Systems,1181,0
Physics,Electromagnetism,853,1
Physics,Electromagnetism,893,0
Computer Science,Operating Systems,1358,0
Physics,Quantum,1415,1
Mathematics,Calculus,613,1
Mathematics,Calculus,1484,1
Physics,Electromagnetism,617,1
Mathematics,Calculus,1350,1
Mathematics,Calculus,62,1
Physics,Mechanics,1429,0
Physics,Quantum,375,1
Mathematics,Discrete Mathematics,504,0
Physics,Electromagnetism,1317,1
Mathematics,Calculus,1196,1
Physics,Quantum,558,1
Physics,Quantum,1313,1
Physics,Quantum,309,1
Physics,Mechanics,510,1
Physics,Electromagnetism,1499,1
Mathematics,Discrete Mathematics,750,1
Physics,Quantum,1124,1
Computer Science,Databases,247,1
Mathematics,Discrete Mathematics,1436,0
Physics,Quantum,677,1
Physics,Electromagnetism,980,1
Physics,Electromagnetism,1248,1
Physics,Mechanics,746,1
Computer Science,Operating Systems,1428,1
Mathematics,Calculus,718,1
Physics,Quantum,358,1
Computer Science,Databases,1260,1
Computer Science,Databases,869,1
Physics,Quantum,476,0
Mathematics,Calculus,128,1
Physics,Quantum,288,1
Mathematics,Discrete Mathematics,892,1
Physics,Mechanics,1054,1
Computer Science,Databases,707,1
Physics,Electromagnetism,316,1
Physics,Mechanics,954,1
Computer Science,Databases,1215,1
Physics,Electromagnetism,146,1
Physics,Mechanics,655,1
Physics,Quantum,61,1
Mathematics,Calculus,1114,0
Computer Science,Operating Systems,665,1
Physics,Mechanics,927,0
Computer Science,Databases,1039,1
Physics,Quantum,1226,1
Physics,Electromagnetism,411,0
Computer Science,Databases,1110,0
Physics,Quantum,630,0
Computer Science,Databases,1076,1
Mathematics,Calculus,1238,0
Mathematics,Discrete Mathematics,799,1
Computer Science,Databases,887,0
Mathematics,Calculus,49,1
Physics,Electromagnetism,423,0
Physics,Quantum,1018,1
Computer Science,Databases,152,1
Physics,Mechanics,1223,1
Mathematics,Discrete Mathematics,839,1
Mathematics,Calculus,1089,1
Mathematics,Discrete Mathematics,1475,0
Computer Science,Databases,1164,1
Physics,Electromagnetism,1180,0
Computer Science,Operating Systems,1412,1
Mathematics,Calculus,911,0
Mathematics,Calculus,903,0
Physics,Mechanics,19,1
Physics,Electromagnetism,692,1
Physics,Electromagnetism,336,1
Physics,Quantum,557,1
Computer Science,Operating Systems,355,0
Physics,Electromagnetism,1123,0
Computer Science,Databases,1073,0
Computer Science,Operating Systems,314,1
Physics,Quantum,1476,1
Physics,Quantum,810,1
Computer Science,Operating Systems,458,0
Mathematics,Calculus,1329,1
Mathematics,Discrete Mathematics,854,1
Computer Science,Databases,1336,1
Computer Science,Databases,614,1
Physics,Electromagnetism,1154,0
Computer Science,Databases,465,0
Physics,Quantum,648,0
Physics,Electromagnetism,538,0
Physics,Electromagnetism,1184,0
Computer Science,Operating Systems,12,1
Physics,Mechanics,1071,1
Computer Science,Databases,445,0
Computer Science,Databases,234,1
Mathematics,Discrete Mathematics,724,1
Physics,Mechanics,787,0
Mathematics,Calculus,515,0
Physics,Electromagnetism,1243,1
Computer Science,Databases,703,1
Mathematics,Calculus,1074,1
Physics,Mechanics,923,1
Mathematics,Discrete Mathematics,541,0
Physics,Electromagnetism,65,1
Mathematics,Calculus,205,1
Mathematics,Calculus,686,1
Physics,Quantum,755,1
Computer Science,Databases,1450,1
Physics,Mechanics,792,1
Mathematics,Discrete Mathematics,1236,1
Physics,Electromagnetism,191,1
Physics,Mechanics,681,1
Computer Science,Databases,550,0
Physics,Quantum,416,0
Physics,Quantum,1428,0
Mathematics,Calculus,1187,0
Mathematics,Discrete Mathematics,1038,0
Mathematics,Calculus,1343,0
Computer Science,Databases,1069,0
Mathematics,Discrete Mathematics,202,1
Physics,Quantum,780,0
Physics,Mechanics,1463,1
Mathematics,Calculus,1056,1
Computer Science,Operating Systems,919,1
Computer Science,Databases,205,1
Computer Science,Operating Systems,895,0
Mathematics,Calculus,1241,0
Mathematics,Calculus,1085,1
Physics,Quantum,50,1
Mathematics,Discrete Mathematics,1352,1
Physics,Quantum,991,1
Physics,Mechanics,462,0
Mathematics,Discrete Mathematics,860,1
Mathematics,Discrete Mathematics,366,1
Computer Science,Operating Systems,189,1
Computer Science,Databases,737,1
Physics,Electromagnetism,877,1
Mathematics,Calculus,79,1
Computer Science,Databases,1171,1
Mathematics,Discrete Mathematics,908,0
Physics,Mechanics,1492,1
Mathematics,Calculus,1218,0
Computer Science,Databases,1443,1
Computer Science,Operating Systems,899,1
Computer Science,Databases,101,1
Mathematics,Discrete Mathematics,150,0
Computer Science,Operating Systems,577,1
Physics,Mechanics,1102,1
Mathematics,Discrete Mathematics,1378,1
Mathematics,Calculus,855,0
Physics,Mechanics,1433,1
Mathematics,Calculus,349,1
Physics,Mechanics,127,1
Computer Science,Operating Systems,610,0
Physics,Mechanics,658,1
Physics,Mechanics,372,0
Computer Science,Databases,193,0
Physics,Electromagnetism,30,0
Physics,Quantum,988,1
Physics,Mechanics,1353,1
Mathematics,Discrete Mathematics,1461,1
Computer Science,Operating Systems,820,1
Mathematics,Discrete Mathematics,1498,1
Computer Science,Databases,135,1
Mathematics,Discrete Mathematics,889,1
Mathematics,Discrete Mathematics,1107,1
Physics,Quantum,1089,1
Physics,Quantum,149,1
Physics,Mechanics,1499,1
Computer Science,Databases,447,0
Computer Science,Operating Systems,106,1
Computer Science,Databases,310,0
Physics,Electromagnetism,69,1
Physics,Quantum,391,0
Mathematics,Discrete Mathematics,852,0
Mathematics,Discrete Mathematics,80,1
Mathematics,Discrete Mathematics,1005,1
Mathematics,Calculus,829,1
Physics,Mechanics,15,1
Physics,Electromagnetism,1064,1
Mathematics,Calculus,989,0
Mathematics,Discrete Mathematics,156,1
Mathematics,Calculus,155,0
Computer Science,Operating Systems,676,0
Physics,Quantum,399,1
Physics,Quantum,82,1
Computer Science,Databases,284,0
Physics,Mechanics,1314,1
Computer Science,Operating Systems,1043,1
Mathematics,Discrete Mathematics,628,1
Mathematics,Calculus,352,1
Mathematics,Calculus,909,1
Physics,Electromagnetism,445,1
Mathematics,Calculus,229,1
Computer Science,Operating Systems,1377,1
Mathematics,Calculus,770,1
Mathematics,Calculus,88,0
Computer Science,Operating Systems,1127,0
Physics,Quantum,90,1
Physics,Mechanics,1415,1
Computer Science,Operating Systems,838,1
Computer Science,Databases,1458,1
Mathematics,Discrete Mathematics,733,1
Mathematics,Calculus,397,0
Computer Science,Operating Systems,1143,1
Mathematics,Calculus,1105,0
Mathematics,Discrete Mathematics,1068,1
Mathematics,Calculus,496,1
Computer Science,Databases,1401,1
Computer Science,Databases,1190,1
Computer Science,Databases,93,1
Physics,Quantum,603,1
Computer Science,Operating Systems,981,1
Physics,Electromagnetism,355,0
Physics,Electromagnetism,1041,1
Computer Science,Operating Systems,1340,1
Computer Science,Operating Systems,775,1
Mathematics,Calculus,1260,1
Physics,Mechanics,2,1
Mathematics,Discrete Mathematics,1110,1
Physics,Quantum,1455,1
Physics,Mechanics,146,0
Physics,Mechanics,116,0
Computer Science,Operating Systems,361,1
Mathematics,Discrete Mathematics,906,1
Physics,Electromagnetism,1472,1
Mathematics,Calculus,751,1
Mathematics,Calculus,1227,1
Mathematics,Discrete Mathematics,1468,0
Physics,Quantum,1500,1
Mathematics,Discrete Mathematics,1172,0
Mathematics,Discrete Mathematics,485,1
Physics,Quantum,971,1
Physics,Electromagnetism,1389,0
Mathematics,Discrete Mathematics,1284,1
Computer Science,Databases,130,1
Physics,Electromagnetism,1136,1
Physics,Quantum,858,0
Physics,Quantum,206,1
Computer Science,Databases,57,1
Computer Science,Databases,859,1
Physics,Electromagnetism,393,1
Computer Science,Operating Systems,681,1
Mathematics,Calculus,1186,1
Computer Science,Databases,990,1
Mathematics,Calculus,820,0
Mathematics,Discrete Mathematics,713,1
Physics,Mechanics,508,0
Physics,Quantum,251,0
Computer Science,Databases,1448,0
Physics,Electromagnetism,1338,1
Mathematics,Calculus,211,1
Computer Science,Databases,239,1
Physics,Mechanics,546,1
Physics,Electromagnetism,635,1
Mathematics,Calculus,1439,1
Mathematics,Calculus,1173,1
Physics,Electromagnetism,263,1
Physics,Electromagnetism,1129,1
Computer Science,Operating Systems,736,0
Physics,Mechanics,796,1
Computer Science,Operating Systems,153,1
Physics,Electromagnetism,15,0
Physics,Quantum,1342,1
Physics,Quantum,1422,1
Computer Science,Databases,510,1
Physics,Electromagnetism,841,0
Computer Science,Databases,1480,1
Computer Science,Databases,397,0
Computer Science,Databases,935,0
Computer Science,Databases,407,0
Computer Science,Operating Systems,129,0
Computer Science,Operating Systems,183,0
Mathematics,Calculus,1022,0
Mathematics,Calculus,817,1
Mathematics,Calculus,498,1
Mathematics,Calculus,34,0
Mathematics,Discrete Mathematics,1500,0
Computer Science,Operating Systems,546,0
Computer Science,Databases,41,0
Physics,Electromagnetism,52,0
Physics,Quantum,1117,0
Computer Science,Databases,20,1
Mathematics,Discrete Mathematics,939,0
Mathematics,Discrete Mathematics,622,1
Computer Science,Databases,418,1
Physics,Electromagnetism,704,1
Physics,Quantum,782,0
Physics,Mechanics,126,1
Mathematics,Calculus,1104,1
Computer Science,Databases,145,1
Computer Science,Databases,170,1
Physics,Electromagnetism,1320,0
Mathematics,Calculus,1299,1
Computer Science,Operating Systems,1187,1
Physics,Mechanics,124,0
Physics,Electromagnetism,518,0
Computer Science,Operating Systems,25,1
Computer Science,Databases,561,1
Computer Science,Databases,1216,1
Computer Science,Operating Systems,448,1
Physics,Mechanics,315,1
Mathematics,Discrete Mathematics,971,0
Mathematics,Discrete Mathematics,692,0
Physics,Quantum,262,1
Physics,Mechanics,491,1
Mathematics,Calculus,525,0
Physics,Quantum,412,1
Mathematics,Discrete Mathematics,647,1
Physics,Mechanics,347,0
Computer Science,Databases,1016,0
Mathematics,Calculus,1405,1
Physics,Electromagnetism,858,0
Mathematics,Discrete Mathematics,1059,0
Mathematics,Discrete Mathematics,593,0
Physics,Electromagnetism,1429,0
Physics,Electromagnetism,320,1
Computer Science,Databases,578,1
Physics,Mechanics,1210,1
Physics,Quantum,871,1
Physics,Mechanics,943,0
Mathematics,Discrete Mathematics,566,1
Computer Science,Databases,1002,1
Physics,Mechanics,1025,1
Mathematics,Discrete Mathematics,637,0
Mathematics,Calculus,698,1
Mathematics,Discrete Mathematics,1446,1
Computer Science,Databases,376,1
Mathematics,Discrete Mathematics,1407,1
Mathematics,Discrete Mathematics,345,1
Mathematics,Discrete Mathematics,1300,0
Computer Science,Operating Systems,680,0
Computer Science,Operating Systems,237,0
Mathematics,Discrete Mathematics,385,0
Computer Science,Databases,833,0
Physics,Electromagnetism,660,1
Mathematics,Calculus,167,1
Computer Science,Operating Systems,1119,1
Mathematics,Calculus,1049,0
Physics,Quantum,1402,1
Physics,Quantum,1378,1
Computer Science,Databases,1217,1
Physics,Quantum,524,0
Physics,Mechanics,597,1
Physics,Electromagnetism,824,1
Computer Science,Databases,1434,1
Physics,Quantum,1243,0
Computer Science,Databases,45,1
Computer Science,Databases,1385,0
Physics,Mechanics,382,0
Physics,Mechanics,886,1
Physics,Quantum,717,1
Computer Science,Operating Systems,1238,0
Computer Science,Databases,779,0
Physics,Mechanics,868,1
Physics,Mechanics,278,0
Mathematics,Calculus,721,1
Mathematics,Calculus,632,0
Physics,Electromagnetism,360,0
Computer Science,Databases,1228,0
Physics,Mechanics,488,1
Mathematics,Calculus,657,0
Physics,Quantum,319,1
Computer Science,Databases,874,0
Physics,Mechanics,643,1
Physics,Mechanics,1421,1
Physics,Mechanics,7,1
Physics,Mechanics,302,1
Physics,Mechanics,618,1
Physics,Electromagnetism,1214,1
Physics,Mechanics,218,0
Mathematics,Calculus,557,1
Physics,Quantum,1445,0
Computer Science,Databases,1332,0
Physics,Mechanics,690,1
Computer Science,Databases,1274,1
Physics,Mechanics,1185,1
Computer Science,Databases,879,0
Physics,Mechanics,614,1
Physics,Quantum,819,0
Physics,Electromagnetism,469,0
Mathematics,Discrete Mathematics,931,0
Mathematics,Discrete Mathematics,1026,1
Mathematics,Discrete Mathematics,101,1
Physics,Electromagnetism,800,1
Computer Science,Operating Systems,848,1
Mathematics,Discrete Mathematics,142,1
Computer Science,Databases,1362,1
Computer Science,Operating Systems,1093,0
Physics,Electromagnetism,1115,1
Mathematics,Discrete Mathematics,1140,1
Physics,Electromagnetism,835,0
Mathematics,Calculus,1431,1
Computer Science,Databases,19,1
Computer Science,Databases,926,1
Mathematics,Calculus,942,1
Physics,Electromagnetism,1231,0
Physics,Quantum,332,1
Physics,Quantum,775,1
Physics,Quantum,1210,0
Physics,Mechanics,432,1
Mathematics,Discrete Mathematics,634,1
Physics,Mechanics,647,1
Computer Science,Operating Systems,903,1
Computer Science,Operating Systems,1021,0
Mathematics,Calculus,1228,0
Mathematics,Discrete Mathematics,290,1
Computer Science,Databases,708,0
Physics,Mechanics,1409,1
Physics,Quantum,970,1
Physics,Quantum,635,0
Mathematics,Calculus,798,1
Physics,Mechanics,396,0
Mathematics,Calculus,13,1
Mathematics,Calculus,805,0
Mathematics,Calculus,428,1
Mathematics,Discrete Mathematics,1395,0
Physics,Quantum,721,1
Mathematics,Calculus,1251,1
Physics,Quantum,1137,0
Mathematics,Discrete Mathematics,114,0
Mathematics,Discrete Mathematics,471,1
Physics,Electromagnetism,1054,1
Physics,Electromagnetism,1332,1
Physics,Mechanics,1255,1
Mathematics,Discrete Mathematics,1339,1
Physics,Electromagnetism,936,1
Computer Science,Databases,439,1
Mathematics,Calculus,230,1
Computer Science,Operating Systems,1488,1
Physics,Quantum,1014,1
Physics,Electromagnetism,142,1
Mathematics,Discrete Mathematics,1252,1
Physics,Quantum,1283,1
Physics,Electromagnetism,85,1
Physics,Mechanics,1109,1
Mathematics,Discrete Mathematics,106,1
Physics,Mechanics,795,1
Physics,Quantum,532,0
Physics,Quantum,383,1
Mathematics,Calculus,444,1
Computer Science,Operating Systems,310,1
Computer Science,Operating Systems,629,1
Physics,Mechanics,1257,0
Physics,Electromagnetism,197,0
Physics,Quantum,547,1
Physics,Quantum,23,0
Physics,Mechanics,928,0
Computer Science,Databases,1447,1
Mathematics,Discrete Mathematics,1403,1
Physics,Mechanics,10,1
Mathematics,Calculus,1071,0
Physics,Mechanics,161,0
Computer Science,Databases,1495,1
Physics,Electromagnetism,1330,1
Computer Science,Operating Systems,766,1
Mathematics,Discrete Mathematics,657,0
Computer Science,Operating Systems,640,0
Mathematics,Calculus,1351,1
Physics,Mechanics,845,1
Computer Science,Operating Systems,647,1
Mathematics,Calculus,1008,1
Mathematics,Discrete Mathematics,1348,1
Mathematics,Discrete Mathematics,1412,0
Physics,Quantum,328,1
Physics,Quantum,570,0
Physics,Mechanics,904,0
Computer Science,Operating Systems,410,1
Physics,Mechanics,92,1
Computer Science,Databases,28,1
Computer Science,Operating Systems,499,0
Physics,Electromagnetism,1493,1
Computer Science,Operating Systems,86,0
Physics,Mechanics,1047,0
Computer Science,Operating Systems,876,0
Physics,Electromagnetism,914,0
Computer Science,Databases,60,1
Mathematics,Discrete Mathematics,846,0
Physics,Mechanics,1076,1
Computer Science,Operating Systems,104,1
Physics,Mechanics,659,1
Computer Science,Databases,298,1
Physics,Mechanics,615,1
Mathematics,Calculus,570,1
Computer Science,Databases,47,0
Computer Science,Operating Systems,214,1
Computer Science,Databases,621,0
Physics,Mechanics,1459,1
Mathematics,Calculus,1036,1
Mathematics,Calculus,923,0
Mathematics,Calculus,680,0
Mathematics,Calculus,797,1
Physics,Quantum,310,0
Computer Science,Operating Systems,1362,0
Physics,Quantum,914,0
Physics,Quantum,80,1
Mathematics,Calculus,582,0
Computer Science,Operating Systems,1227,0
Mathematics,Calculus,1309,1
Computer Science,Operating Systems,132,0
Physics,Quantum,105,0
Physics,Quantum,1352,1
Mathematics,Discrete Mathematics,1318,1
Computer Science,Operating Systems,1431,0
Computer Science,Operating Systems,91,0
Physics,Quantum,751,1
Computer Science,Operating Systems,8,0
Computer Science,Operating Systems,787,0
Physics,Quantum,327,0
Mathematics,Discrete Mathematics,117,0
Mathematics,Calculus,1206,1
Physics,Quantum,1066,1
Physics,Electromagnetism,1119,1
Mathematics,Discrete Mathematics,1136,0
Mathematics,Calculus,274,0
Physics,Mechanics,191,1
Computer Science,Databases,1306,1
Physics,Quantum,752,0
Physics,Electromagnetism,544,1
Physics,Electromagnetism,1259,1
Physics,Quantum,1163,1
Mathematics,Discrete Mathematics,736,0
Computer Science,Databases,1240,1
Physics,Quantum,1277,1
Mathematics,Discrete Mathematics,952,0
Physics,Mechanics,517,1
Physics,Quantum,657,1
Physics,Electromagnetism,1286,1
Mathematics,Discrete Mathematics,317,0
Physics,Mechanics,366,0
Physics,Electromagnetism,735,1
Computer Science,Databases,665,1
Physics,Electromagnetism,997,0
Computer Science,Databases,1104,1
Physics,Quantum,632,0
Physics,Mechanics,413,0
Computer Science,Databases,683,1
Computer Science,Operating Systems,170,1
Physics,Quantum,1240,1
Mathematics,Discrete Mathematics,303,1
Mathematics,Calculus,101,0
Computer Science,Databases,12,0
Physics,Electromagnetism,353,1
Computer Science,Operating Systems,489,1
Mathematics,Discrete Mathematics,552,1
Physics,Electromagnetism,281,1
Mathematics,Calculus,1024,1
Physics,Mechanics,507,1
Physics,Mechanics,209,1
Mathematics,Discrete Mathematics,1053,1
Computer Science,Operating Systems,1285,0
Physics,Mechanics,31,0
Computer Science,Operating Systems,1262,1
Mathematics,Calculus,153,0
Physics,Electromagnetism,1262,1
Computer Science,Operating Systems,1258,0
Physics,Electromagnetism,1174,1
Physics,Mechanics,370,0
Physics,Mechanics,483,1
Computer Science,Databases,693,1
Physics,Mechanics,961,1
Computer Science,Operating Systems,599,0
Mathematics,Calculus,1314,0
Physics,Electromagnetism,1466,1
Mathematics,Calculus,177,1
Mathematics,Calculus,220,1
Mathematics,Discrete Mathematics,1204,0
Physics,Mechanics,1082,1
Computer Science,Operating Systems,1471,1
Computer Science,Operating Systems,1301,1
Physics,Electromagnetism,568,1
Physics,Quantum,1055,1
Computer Science,Databases,746,1
Mathematics,Discrete Mathematics,718,1
Mathematics,Calculus,1436,1
Physics,Electromagnetism,271,0
Mathematics,Discrete Mathematics,921,1
Mathematics,Calculus,638,0
Physics,Electromagnetism,606,1
Physics,Quantum,923,1
Physics,Mechanics,1345,1
Computer Science,Databases,316,1
Physics,Electromagnetism,166,1
Physics,Electromagnetism,576,1
Physics,Quantum,496,1
Physics,Electromagnetism,820,1
Physics,Mechanics,612,0
Physics,Mechanics,331,1
Physics,Quantum,422,0
Mathematics,Discrete Mathematics,885,1
Physics,Electromagnetism,1043,1
Physics,Quantum,1177,1
Computer Science,Databases,930,1
Mathematics,Calculus,897,1
Physics,Mechanics,756,0
Mathematics,Calculus,336,1
Physics,Electromagnetism,94,1
Physics,Mechanics,716,0
Physics,Electromagnetism,828,0
Physics,Electromagnetism,260,1
Computer Science,Operating Systems,994,0
Physics,Quantum,705,1
Mathematics,Discrete Mathematics,438,0
Computer Science,Databases,1411,1
Physics,Mechanics,55,0
Computer Science,Databases,492,0
Physics,Quantum,581,1
Physics,Mechanics,448,0
Mathematics,Calculus,760,1
Physics,Mechanics,297,1
Physics,Quantum,83,1
Mathematics,Calculus,51,1
Physics,Mechanics,1000,1
Physics,Electromagnetism,328,1
Physics,Mechanics,995,1
Physics,Electromagnetism,1436,1
Physics,Quantum,85,1
Physics,Electromagnetism,1364,1
Computer Science,Databases,349,1
Mathematics,Calculus,235,1
Computer Science,Operating Systems,294,1
Computer Science,Operating Systems,907,0
Computer Science,Databases,167,0
Mathematics,Discrete Mathematics,170,0
Mathematics,Discrete Mathematics,1255,1
Physics,Mechanics,1490,1
Mathematics,Discrete Mathematics,1477,0
Computer Science,Operating Systems,122,1
Computer Science,Databases,61,0
Physics,Mechanics,596,1
Mathematics,Discrete Mathematics,900,1
Computer Science,Operating Systems,31,1
Physics,Quantum,1459,1
Physics,Mechanics,630,0
Physics,Mechanics,1494,1
Mathematics,Discrete Mathematics,986,0
Physics,Electromagnetism,384,1
Physics,Quantum,1446,1
Physics,Electromagnetism,136,0
Physics,Electromagnetism,1004,0
Computer Science,Operating Systems,1465,0
Computer Science,Operating Systems,320,1
Computer Science,Operating Systems,856,1
Computer Science,Databases,196,1
Mathematics,Calculus,861,1
Computer Science,Operating Systems,1048,1
Physics,Mechanics,354,1
Computer Science,Databases,514,0
Physics,Quantum,313,1
Physics,Mechanics,938,1
Physics,Electromagnetism,368,1
Physics,Mechanics,1451,0
Computer Science,Operating Systems,964,0
Physics,Electromagnetism,852,0
Physics,Quantum,1150,1
Computer Science,Databases,131,0
Physics,Electromagnetism,26,1
Mathematics,Discrete Mathematics,629,0
Mathematics,Calculus,904,0
Mathematics,Calculus,1213,1
Mathematics,Discrete Mathematics,1453,1
Computer Science,Databases,1311,1
Mathematics,Calculus,556,1
Computer Science,Operating Systems,924,1
Computer Science,Operating Systems,75,1
Computer Science,Databases,100,0
Computer Science,Operating Systems,1212,1
Mathematics,Calculus,481,0
Physics,Electromagnetism,1172,0
Computer Science,Operating Systems,807,1
Computer Science,Operating Systems,6,0
Mathematics,Discrete Mathematics,624,1
Physics,Electromagnetism,934,1
Mathematics,Discrete Mathematics,85,1
Mathematics,Calculus,1011,1
Computer Science,Databases,709,1
Computer Science,Operating Systems,567,0
Physics,Quantum,880,1
Computer Science,Databases,1499,1
Computer Science,Databases,1172,1
Mathematics,Calculus,639,1
Mathematics,Calculus,450,1
Computer Science,Databases,612,1
Computer Science,Operating Systems,765,1
Mathematics,Calculus,40,1
Physics,Mechanics,1176,0
Physics,Mechanics,739,1
Physics,Electromagnetism,1371,1
Computer Science,Databases,773,0
Computer Science,Databases,720,0
Mathematics,Discrete Mathematics,960,1
Computer Science,Databases,186,1
Mathematics,Discrete Mathematics,425,1
Mathematics,Calculus,1070,1
Physics,Quantum,596,0
Physics,Electromagnetism,315,0
Physics,Electromagnetism,779,1
Computer Science,Databases,1093,1
Mathematics,Discrete Mathematics,1034,1
Physics,Electromagnetism,1045,0
Mathematics,Calculus,333,1
Mathematics,Calculus,1180,1
Computer Science,Databases,822,1
Physics,Quantum,1106,0
Physics,Quantum,1282,1
Physics,Mechanics,157,1
Computer Science,Operating Systems,85,0
Physics,Electromagnetism,248,1
Physics,Electromagnetism,82,0
Mathematics,Calculus,1155,1
Physics,Electromagnetism,1445,0
Computer Science,Operating Systems,78,0
Mathematics,Calculus,382,1
Computer Science,Databases,413,0
Computer Science,Databases,897,0
Physics,Quantum,1190,0
Physics,Quantum,1382,1
Computer Science,Operating Systems,1316,1
Computer Science,Operating Systems,1106,1
Computer Science,Databases,26,0
Mathematics,Calculus,917,0
Physics,Mechanics,171,1
Mathematics,Discrete Mathematics,1274,1
Mathematics,Discrete Mathematics,249,1
Physics,Electromagnetism,1091,1
Computer Science,Operating Systems,645,1
Computer Science,Databases,660,0
Physics,Quantum,362,1
Physics,Quantum,683,0
Mathematics,Calculus,822,0
Computer Science,Operating Systems,1417,1
Physics,Quantum,583,1
Physics,Electromagnetism,581,0
Computer Science,Operating Systems,931,1
Mathematics,Discrete Mathematics,1215,1
Computer Science,Operating Systems,497,1
Physics,Electromagnetism,599,1
Mathematics,Discrete Mathematics,1254,1
Computer Science,Databases,1121,1
Physics,Electromagnetism,68,0
Physics,Quantum,453,0
Physics,Electromagnetism,201,1
Mathematics,Calculus,808,1
Physics,Mechanics,1064,1
Mathematics,Discrete Mathematics,1324,1
Physics,Electromagnetism,1010,1
Physics,Electromagnetism,1027,1
Physics,Electromagnetism,56,1
Physics,Mechanics,509,1
Mathematics,Discrete Mathematics,872,1
Computer Science,Databases,1255,1
Computer Science,Operating Systems,784,0
Mathematics,Discrete Mathematics,69,0
Computer Science,Operating Systems,1097,1
Computer Science,Operating Systems,700,1
Physics,Mechanics,115,0
Physics,Quantum,633,1
Computer Science,Operating Systems,389,0
Computer Science,Operating Systems,206,1
Computer Science,Databases,77,0
Physics,Mechanics,1366,0
Physics,Mechanics,1369,0
Physics,Mechanics,807,1
Physics,Quantum,610,1
Mathematics,Calculus,1077,1
Mathematics,Discrete Mathematics,1355,0
Physics,Quantum,26,1
Mathematics,Discrete Mathematics,1148,1
Physics,Quantum,977,0
Mathematics,Discrete Mathematics,81,1
Physics,Quantum,429,0
Computer Science,Operating Systems,579,1
Mathematics,Discrete Mathematics,309,0
Computer Science,Databases,1101,1
Physics,Quantum,590,1
Computer Science,Operating Systems,1198,1
Computer Science,Databases,943,0
Mathematics,Calculus,253,1
Computer Science,Databases,1212,0
Physics,Electromagnetism,903,1
Physics,Electromagnetism,1067,0
Computer Science,Operating Systems,1452,1
Computer Science,Databases,1430,1
Physics,Mechanics,850,0
Physics,Electromagnetism,345,0
Physics,Electromagnetism,1359,1
Physics,Electromagnetism,522,1
Physics,Electromagnetism,630,0
Physics,Quantum,350,1
Mathematics,Calculus,247,0
Mathematics,Discrete Mathematics,759,1
Computer Science,Databases,1148,1
Mathematics,Calculus,539,1
Mathematics,Discrete Mathematics,1027,0
Physics,Electromagnetism,474,0
Mathematics,Discrete Mathematics,748,1
Physics,Quantum,522,1
Mathematics,Discrete Mathematics,475,1
Computer Science,Databases,332,1
Mathematics,Discrete Mathematics,130,1
Computer Science,Databases,817,0
Computer Science,Databases,89,0
Mathematics,Calculus,922,1
Mathematics,Calculus,1190,1
Computer Science,Databases,934,0
Physics,Electromagnetism,598,0
Mathematics,Calculus,41,1
Physics,Electromagnetism,1374,1
Physics,Mechanics,175,1
Mathematics,Calculus,312,1
Mathematics,Discrete Mathematics,519,0
Mathematics,Calculus,1302,0
Physics,Mechanics,112,1
Computer Science,Operating Systems,69,1
Physics,Quantum,172,1
Mathematics,Calculus,393,1
Physics,Quantum,63,1
Physics,Electromagnetism,574,0
Computer Science,Databases,138,1
Computer Science,Operating Systems,338,0
Mathematics,Discrete Mathematics,1078,1
Mathematics,Calculus,84,1
Physics,Electromagnetism,243,1
Computer Science,Operating Systems,90,1
Physics,Mechanics,1169,1
Physics,Mechanics,627,1
Physics,Quantum,799,1
Physics,Mechanics,1308,1
Computer Science,Operating Systems,363,1
Computer Science,Databases,311,0
Physics,Mechanics,167,1
Physics,Electromagnetism,1275,0
Physics,Mechanics,1056,1
Computer Science,Operating Systems,556,1
Computer Science,Databases,1282,1
Physics,Electromagnetism,701,0
Mathematics,Discrete Mathematics,784,0
Mathematics,Discrete Mathematics,1308,1
Physics,Quantum,402,1
Computer Science,Operating Systems,650,1
Computer Science,Operating Systems,300,1
Mathematics,Calculus,1392,0
Computer Science,Databases,401,0
Computer Science,Operating Systems,798,1
Computer Science,Databases,92,0
Mathematics,Calculus,835,1
Physics,Electromagnetism,1131,0
Physics,Quantum,349,0
Computer Science,Databases,112,0
Physics,Electromagnetism,51,1
Computer Science,Operating Systems,1152,0
Mathematics,Calculus,647,1
Mathematics,Calculus,960,1
Physics,Quantum,1182,0
Mathematics,Discrete Mathematics,416,0
Physics,Mechanics,632,0
Physics,Quantum,483,0
Physics,Mechanics,883,1
Mathematics,Discrete Mathematics,1241,1
Physics,Electromagnetism,1488,1
Physics,Mechanics,139,1
Physics,Quantum,797,1
Physics,Mechanics,1396,1
Physics,Quantum,44,1
Mathematics,Discrete Mathematics,1392,0
Mathematics,Calculus,146,0
Mathematics,Calculus,346,1
Physics,Electromagnetism,805,0
Computer Science,Databases,830,0
Computer Science,Databases,923,1
Mathematics,Discrete Mathematics,1100,1
Physics,Quantum,1011,0
Computer Science,Databases,933,1
Mathematics,Discrete Mathematics,1104,0
Computer Science,Operating Systems,881,0
Mathematics,Calculus,1093,1
Physics,Electromagnetism,1435,0
Physics,Mechanics,1087,1
Physics,Quantum,901,1
Physics,Quantum,1228,1
Physics,Quantum,1312,1
Physics,Quantum,411,1
Mathematics,Calculus,973,1
Mathematics,Discrete Mathematics,978,0
Computer Science,Databases,914,0
Physics,Electromagnetism,1465,1
Mathematics,Discrete Mathematics,764,1
Physics,Mechanics,533,1
Physics,Mechanics,1180,0
Physics,Quantum,579,1
Physics,Quantum,552,1
Physics,Electromagnetism,584,1
Physics,Quantum,198,1
Physics,Electromagnetism,1409,1
Physics,Quantum,1046,1
Physics,Quantum,715,0
Physics,Electromagnetism,889,1
Physics,Mechanics,570,1
Physics,Mechanics,1074,1
Mathematics,Discrete Mathematics,191,1
Computer Science,Operating Systems,1019,1
Physics,Mechanics,501,0
Computer Science,Operating Systems,1364,1
Mathematics,Calculus,988,1
Mathematics,Discrete Mathematics,894,1
Physics,Electromagnetism,1375,1
Physics,Mechanics,649,1
Computer Science,Databases,861,0
Mathematics,Calculus,579,1
Mathematics,Discrete Mathematics,1056,1
Physics,Mechanics,389,1
Computer Science,Operating Systems,1157,0
Computer Science,Databases,275,1
Physics,Mechanics,39,1
Computer Science,Databases,668,1
Mathematics,Calculus,584,0
Computer Science,Operating Systems,853,1
Computer Science,Databases,124,0
Physics,Electromagnetism,905,1
Computer Science,Databases,442,1
Computer Science,Operating Systems,461,1
Physics,Electromagnetism,604,1
Mathematics,Calculus,1084,1
Computer Science,Databases,1386,1
Computer Science,Databases,348,0
Mathematics,Discrete Mathematics,1205,1
Physics,Electromagnetism,4,1
Mathematics,Calculus,1305,1
Mathematics,Calculus,593,1
Mathematics,Discrete Mathematics,1125,1
Computer Science,Databases,487,1
Physics,Electromagnetism,409,1
Mathematics,Calculus,1463,0
Physics,Quantum,1042,0
Mathematics,Calculus,1303,0
Computer Science,Operating Systems,251,1
Computer Science,Databases,721,0
Computer Science,Databases,573,1
Computer Science,Operating Systems,823,1
Mathematics,Calculus,415,0
Physics,Quantum,1148,0
Computer Science,Databases,195,1
Computer Science,Operating Systems,634,0
Mathematics,Calculus,1274,1
Mathematics,Calculus,1073,1
Physics,Quantum,58,0
Physics,Mechanics,516,1
Physics,Mechanics,770,0
Mathematics,Discrete Mathematics,1075,1
Physics,Quantum,625,1
Physics,Quantum,221,1
Computer Science,Operating Systems,936,0
Mathematics,Calculus,1057,1
Mathematics,Calculus,727,1
Physics,Quantum,204,1
Mathematics,Discrete Mathematics,304,1
Computer Science,Operating Systems,874,0
Mathematics,Discrete Mathematics,776,1
Physics,Electromagnetism,183,1
Mathematics,Discrete Mathematics,383,1
Mathematics,Calculus,404,1
Physics,Quantum,1040,0
Computer Science,Databases,491,0
Mathematics,Calculus,778,1
Computer Science,Operating Systems,721,1
Physics,Mechanics,1066,1
Mathematics,Calculus,964,1
Computer Science,Databases,764,0
Physics,Mechanics,1062,0
Mathematics,Calculus,258,1
Physics,Electromagnetism,1380,1
Physics,Mechanics,1355,1
Physics,Mechanics,518,0
Physics,Mechanics,138,1
Mathematics,Calculus,759,1
Physics,Quantum,1094,1
Computer Science,Operating Systems,668,0
Physics,Mechanics,128,1
Computer Science,Databases,856,0
Mathematics,Calculus,360,0
Physics,Electromagnetism,1354,1
Computer Science,Databases,1305,1
Computer Science,Operating Systems,177,0
Computer Science,Operating Systems,1352,1
Mathematics,Calculus,293,1
Computer Science,Databases,1384,1
Physics,Electromagnetism,872,1
Mathematics,Calculus,264,0
Computer Science,Operating Systems,893,1
Physics,Electromagnetism,155,1
Computer Science,Databases,1333,1
Computer Science,Operating Systems,432,1
Mathematics,Calculus,889,1
Physics,Quantum,427,1
Computer Science,Operating Systems,673,0
Mathematics,Discrete Mathematics,1489,1
Physics,Quantum,650,0
Computer Science,Databases,1486,0
Physics,Quantum,593,0
Mathematics,Discrete Mathematics,1036,1
Physics,Mechanics,1068,0
Mathematics,Calculus,636,0
Physics,Mechanics,457,1
Computer Science,Operating Systems,1202,0
Physics,Mechanics,187,1
Mathematics,Calculus,1493,0
Physics,Electromagnetism,550,1
Mathematics,Calculus,71,1
Mathematics,Discrete Mathematics,884,1
Physics,Electromagnetism,178,1
Physics,Mechanics,1392,1
Physics,Mechanics,123,1
Mathematics,Calculus,743,1
Physics,Quantum,910,1
Computer Science,Operating Systems,127,0
Computer Science,Operating Systems,46,1
Computer Science,Operating Systems,107,1
Computer Science,Operating Systems,134,0
Physics,Electromagnetism,1137,1
Mathematics,Discrete Mathematics,785,0
Physics,Quantum,868,1
Mathematics,Calculus,289,1
Computer Science,Operating Systems,1069,1
Physics,Quantum,499,1
Mathematics,Calculus,863,1
Physics,Quantum,511,1
Physics,Mechanics,1104,1
Computer Science,Databases,597,1
Physics,Electromagnetism,1284,1
Mathematics,Calculus,600,1
Mathematics,Discrete Mathematics,410,0
Physics,Mechanics,1243,1
Physics,Quantum,289,0
Physics,Mechanics,89,1
Computer Science,Operating Systems,368,1
Mathematics,Calculus,1373,1
Computer Science,Databases,126,0
Mathematics,Discrete Mathematics,1207,0
Mathematics,Discrete Mathematics,1042,1
Computer Science,Databases,1020,0
Computer Science,Operating Systems,490,1
Computer Science,Databases,1320,1
Computer Science,Operating Systems,722,0
Physics,Quantum,863,1
Physics,Electromagnetism,463,0
Physics,Mechanics,1287,1
Computer Science,Databases,847,1
Computer Science,Databases,1361,1
Physics,Electromagnetism,453,1
Computer Science,Operating Systems,686,0
Mathematics,Calculus,275,0
Physics,Electromagnetism,1096,1
Computer Science,Operating Systems,941,0
Physics,Electromagnetism,1297,1
Physics,Mechanics,1211,1
Mathematics,Discrete Mathematics,276,0
Computer Science,Operating Systems,1343,1
Mathematics,Calculus,362,1
Physics,Quantum,244,1
Mathematics,Discrete Mathematics,4,0
Mathematics,Calculus,1410,1
Mathematics,Calculus,931,0
Mathematics,Calculus,323,1
Physics,Electromagnetism,1207,0
Computer Science,Databases,9,0
Physics,Quantum,233,0
Computer Science,Operating Systems,66,1
Physics,Quantum,463,1
Computer Science,Databases,238,1
Physics,Electromagnetism,1153,1
Physics,Electromagnetism,509,0
Mathematics,Calculus,283,1
Computer Science,Operating Systems,788,1
Mathematics,Calculus,388,1
Physics,Mechanics,1458,1
Mathematics,Calculus,631,1
Computer Science,Operating Systems,228,0
Computer Science,Operating Systems,289,0
Computer Science,Operating Systems,602,1
Computer Science,Operating Systems,699,1
Mathematics,Calculus,1406,0
Computer Science,Operating Systems,836,1
Physics,Electromagnetism,915,0
Physics,Mechanics,565,1
Physics,Electromagnetism,894,0
Physics,Quantum,155,0
Mathematics,Calculus,1451,0
Computer Science,Databases,1152,0
Mathematics,Calculus,1487,0
Physics,Electromagnetism,467,0
Mathematics,Discrete Mathematics,308,1
Mathematics,Calculus,432,1
Mathematics,Calculus,876,0
Physics,Quantum,1029,1
Physics,Electromagnetism,1386,1
Physics,Quantum,1119,1
Mathematics,Discrete Mathematics,97,0
Mathematics,Calculus,1153,1
Physics,Quantum,1371,1
Physics,Electromagnetism,672,1
Mathematics,Discrete Mathematics,1195,1
Physics,Quantum,754,0
Physics,Quantum,940,0
Computer Science,Databases,942,1
Physics,Quantum,307,1
Physics,Quantum,1316,0
Computer Science,Databases,801,1
Physics,Quantum,31,1
Physics,Mechanics,1200,1
Mathematics,Calculus,925,0
Mathematics,Discrete Mathematics,413,1
Computer Science,Databases,607,1
Physics,Electromagnetism,674,1
Mathematics,Discrete Mathematics,1051,1
Physics,Quantum,1099,0
Computer Science,Databases,385,1
Physics,Electromagnetism,669,1
Computer Science,Databases,872,1
Physics,Mechanics,1291,1
Mathematics,Discrete Mathematics,822,1
Mathematics,Calculus,1331,1
Computer Science,Operating Systems,402,1
Mathematics,Discrete Mathematics,120,1
Physics,Mechanics,1098,0
Computer Science,Operating Systems,1065,1
Physics,Electromagnetism,1340,0
Mathematics,Discrete Mathematics,1174,0
Physics,Electromagnetism,785,1
Mathematics,Calculus,676,1
Computer Science,Databases,1310,1
Computer Science,Databases,539,1
Mathematics,Discrete Mathematics,188,0
Computer Science,Operating Systems,1486,0
Computer Science,Operating Systems,970,1
Mathematics,Discrete Mathematics,581,1
Computer Science,Databases,1463,1
Mathematics,Calculus,317,0
Computer Science,Databases,826,1
Physics,Quantum,714,0
Mathematics,Discrete Mathematics,1462,0
Physics,Electromagnetism,1143,0
Mathematics,Calculus,1426,1
Mathematics,Calculus,1291,1
Physics,Electromagnetism,765,1
Mathematics,Discrete Mathematics,302,0
Mathematics,Calculus,438,1
Physics,Quantum,1004,0
Physics,Electromagnetism,57,0
Physics,Electromagnetism,838,0
Physics,Quantum,1016,1
Physics,Mechanics,909,0
Physics,Electromagnetism,480,0
Mathematics,Discrete Mathematics,1247,1
Computer Science,Operating Systems,1323,1
Mathematics,Discrete Mathematics,1113,0
Mathematics,Discrete Mathematics,654,0
Computer Science,Databases,1289,1
Computer Science,Operating Systems,1032,1
Physics,Mechanics,1498,1
Physics,Mechanics,1329,1
Physics,Quantum,38,1
Mathematics,Calculus,544,1
Physics,Quantum,637,1
Computer Science,Databases,1247,1
Mathematics,Calculus,285,1
Physics,Electromagnetism,334,0
Mathematics,Discrete Mathematics,128,1
Computer Science,Operating Systems,1281,1
Computer Science,Operating Systems,945,1
Computer Science,Operating Systems,922,1
Physics,Electromagnetism,1114,1
Physics,Mechanics,30,0
Mathematics,Discrete Mathematics,1411,0
Physics,Quantum,469,1
Physics,Electromagnetism,1252,1
Computer Science,Operating Systems,295,1
Physics,Quantum,882,1
Mathematics,Calculus,1164,1
Computer Science,Databases,736,0
Mathematics,Calculus,1040,1
Mathematics,Discrete Mathematics,824,1
Physics,Electromagnetism,1346,1
Physics,Mechanics,1027,1
Physics,Mechanics,339,1
Physics,Electromagnetism,380,1
Mathematics,Discrete Mathematics,619,1
Physics,Electromagnetism,321,1
Computer Science,Databases,810,0
Computer Science,Databases,954,1
Physics,Quantum,622,1
Mathematics,Discrete Mathematics,338,1
Computer Science,Operating Systems,662,1
Physics,Quantum,1436,1
Computer Science,Databases,589,1
Mathematics,Calculus,929,1
Mathematics,Discrete Mathematics,75,1
Mathematics,Discrete Mathematics,432,1
Physics,Electromagnetism,510,0
Computer Science,Databases,1209,0
Physics,Quantum,428,1
Physics,Mechanics,97,0
Computer Science,Operating Systems,262,1
Mathematics,Discrete Mathematics,599,0
Mathematics,Discrete Mathematics,214,1
Computer Science,Databases,577,1
Computer Science,Databases,1092,1
Computer Science,Databases,308,1
Mathematics,Calculus,156,1
Physics,Electromagnetism,607,1
Computer Science,Databases,1236,0
Mathematics,Calculus,560,1
Physics,Electromagnetism,678,0
Mathematics,Discrete Mathematics,503,1
Computer Science,Databases,988,1
Physics,Quantum,1002,0
Mathematics,Discrete Mathematics,14,0
Computer Science,Databases,1252,1
Physics,Electromagnetism,851,1
Mathematics,Discrete Mathematics,1141,1
Computer Science,Databases,1074,1
Mathematics,Calculus,1257,1
Mathematics,Discrete Mathematics,835,1
Physics,Mechanics,987,1
Physics,Quantum,252,1
Computer Science,Operating Systems,708,1
Physics,Mechanics,1297,0
Computer Science,Operating Systems,388,1
Physics,Mechanics,66,1
Computer Science,Operating Systems,94,0
Computer Science,Databases,1097,1
Computer Science,Operating Systems,806,1
Physics,Quantum,1134,1
Computer Science,Operating Systems,411,1
Mathematics,Calculus,1328,1
Computer Science,Operating Systems,17,1
Computer Science,Operating Systems,953,1
Mathematics,Calculus,424,0
Mathematics,Calculus,417,0
Mathematics,Calculus,920,1
Physics,Mechanics,497,1
Mathematics,Calculus,991,1
Mathematics,Calculus,224,1
Physics,Electromagnetism,460,1
Mathematics,Discrete Mathematics,258,0
Computer Science,Databases,122,0
Computer Science,Operating Systems,1193,1
Physics,Mechanics,282,1
Physics,Quantum,285,1
Mathematics,Discrete Mathematics,264,1
Mathematics,Calculus,599,0
Physics,Quantum,1271,1
Physics,Quantum,994,1
Mathematics,Calculus,726,0
Physics,Mechanics,231,1
Physics,Quantum,1097,0
Physics,Mechanics,259,0
Physics,Quantum,290,1
Mathematics,Calculus,80,1
Physics,Electromagnetism,651,1
Computer Science,Databases,800,1
Mathematics,Calculus,161,0
Computer Science,Operating Systems,1154,1
Computer Science,Operating Systems,1115,1
Physics,Mechanics,289,1
Computer Science,Databases,62,0
Mathematics,Calculus,454,0
Mathematics,Calculus,1276,1
Mathematics,Discrete Mathematics,86,0
Computer Science,Databases,837,1
Physics,Electromagnetism,1475,1
Physics,Quantum,930,1
Computer Science,Operating Systems,571,0
Computer Science,Operating Systems,1041,0
Mathematics,Discrete Mathematics,1115,0
Physics,Quantum,20,0
Computer Science,Operating Systems,1407,1
Physics,Electromagnetism,879,0
Physics,Mechanics,1189,0
Physics,Quantum,230,1
Mathematics,Discrete Mathematics,861,0
Mathematics,Calculus,1175,1
Mathematics,Discrete Mathematics,1445,0
Mathematics,Calculus,316,1
Mathematics,Calculus,195,1
Physics,Quantum,440,1
Physics,Quantum,1132,1
Physics,Mechanics,644,1
Physics,Mechanics,1397,0
Physics,Mechanics,455,1
Mathematics,Calculus,436,0
Physics,Quantum,1364,1
Physics,Quantum,1467,1
Physics,Quantum,641,0
Physics,Mechanics,320,1
Physics,Electromagnetism,376,1
Computer Science,Databases,886,1
Computer Science,Databases,183,0
Physics,Mechanics,693,0
Computer Science,Operating Systems,841,1
Physics,Electromagnetism,1125,1
Physics,Quantum,126,0
Physics,Quantum,709,1
Mathematics,Calculus,837,1
Physics,Electromagnetism,788,0
Physics,Electromagnetism,432,1
Physics,Mechanics,1094,1
Computer Science,Operating Systems,1372,0
Physics,Quantum,1039,1
Computer Science,Databases,804,0
Mathematics,Calculus,377,1
Mathematics,Calculus,535,1
Computer Science,Operating Systems,1028,1
Physics,Electromagnetism,1468,1
Mathematics,Calculus,375,1
Physics,Quantum,639,1
Physics,Mechanics,1302,1
Computer Science,Operating Systems,188,1
Computer Science,Operating Systems,713,0
Physics,Electromagnetism,1195,1
Computer Science,Operating Systems,1402,0
Physics,Quantum,297,0
Mathematics,Calculus,994,1
Mathematics,Discrete Mathematics,1447,1
Computer Science,Operating Systems,983,0
Computer Science,Operating Systems,462,0
Physics,Quantum,534,1
Physics,Electromagnetism,1093,1
Physics,Quantum,804,1
Computer Science,Operating Systems,614,0
Mathematics,Discrete Mathematics,1105,1
Physics,Mechanics,204,1
Mathematics,Calculus,843,1
Computer Science,Databases,974,0
Computer Science,Databases,90,1
Physics,Electromagnetism,511,1
Computer Science,Operating Systems,1389,1
Mathematics,Calculus,870,1
Physics,Mechanics,623,0
Physics,Quantum,1101,1
Mathematics,Calculus,946,1
Mathematics,Calculus,1287,1
Mathematics,Discrete Mathematics,755,0
Mathematics,Discrete Mathematics,1186,1
Mathematics,Calculus,1444,0
Mathematics,Calculus,243,0
Physics,Mechanics,667,1
Mathematics,Calculus,949,1
Mathematics,Calculus,118,1
Physics,Electromagnetism,1163,0
Mathematics,Discrete Mathematics,1120,1
Physics,Electromagnetism,1382,1
Computer Science,Databases,678,1
Computer Science,Operating Systems,832,1
Computer Science,Operating Systems,469,1
Physics,Quantum,1217,0
Mathematics,Calculus,23,1
Physics,Electromagnetism,641,1
Physics,Electromagnetism,1116,1
Physics,Quantum,76,0
Mathematics,Discrete Mathematics,983,1
Mathematics,Calculus,768,1
Mathematics,Discrete Mathematics,811,1
Physics,Mechanics,709,1
Computer Science,Operating Systems,796,1
Physics,Electromagnetism,1469,0
Mathematics,Calculus,403,1
Mathematics,Discrete Mathematics,883,1
Physics,Quantum,613,1
Mathematics,Calculus,1471,1
Computer Science,Databases,677,0
Computer Science,Databases,805,0
Computer Science,Operating Systems,679,1
Mathematics,Calculus,332,1
Computer Science,Operating Systems,383,0
Mathematics,Calculus,506,0
Computer Science,Operating Systems,723,1
Physics,Electromagnetism,754,1
Physics,Electromagnetism,974,1
Mathematics,Discrete Mathematics,539,1
Mathematics,Discrete Mathematics,937,1
Mathematics,Discrete Mathematics,1424,1
Mathematics,Calculus,522,0
Physics,Quantum,1423,0
Mathematics,Discrete Mathematics,21,0
Physics,Quantum,941,0
Computer Science,Operating Systems,248,1
Computer Science,Databases,1351,1
Physics,Electromagnetism,698,1
Physics,Quantum,669,1
Mathematics,Discrete Mathematics,740,1
Computer Science,Databases,1163,0
Computer Science,Databases,204,0
Mathematics,Discrete Mathematics,129,0
Physics,Mechanics,552,0
Computer Science,Databases,1192,1
Mathematics,Discrete Mathematics,1070,1
Computer Science,Operating Systems,1482,1
Physics,Electromagnetism,202,1
Mathematics,Calculus,109,1
Physics,Mechanics,724,1
Computer Science,Databases,1200,1
Mathematics,Discrete Mathematics,207,1
Physics,Quantum,1032,1
Mathematics,Discrete Mathematics,1311,1
Computer Science,Operating Systems,595,1
Physics,Electromagnetism,386,0
Computer Science,Operating Systems,45,1
Computer Science,Operating Systems,193,1
Computer Science,Databases,940,1
Physics,Mechanics,936,1
Physics,Quantum,216,0
Physics,Electromagnetism,461,1
Computer Science,Operating Systems,240,1
Mathematics,Calculus,944,0
Physics,Quantum,1218,1
Mathematics,Discrete Mathematics,451,1
Physics,Electromagnetism,625,1
Physics,Mechanics,744,1
Physics,Quantum,538,1
Mathematics,Calculus,755,0
Physics,Mechanics,1110,0
Physics,Quantum,219,1
Mathematics,Discrete Mathematics,286,1
Mathematics,Discrete Mathematics,928,0
Mathematics,Calculus,894,1
Computer Science,Operating Systems,747,1
Computer Science,Databases,713,1
Physics,Electromagnetism,1268,1
Mathematics,Calculus,675,1
Computer Science,Databases,1407,1
Computer Science,Operating Systems,211,0
Physics,Mechanics,1274,1
Physics,Electromagnetism,338,0
Physics,Mechanics,592,1
Physics,Electromagnetism,499,1
Computer Science,Operating Systems,1122,1
Physics,Electromagnetism,523,0
Physics,Quantum,1412,1
Mathematics,Calculus,390,0
Physics,Quantum,253,1
Computer Science,Operating Systems,916,1
Computer Science,Operating Systems,1072,1
Mathematics,Discrete Mathematics,18,1
Computer Science,Databases,288,1
Physics,Electromagnetism,939,1
Mathematics,Calculus,405,1
Physics,Quantum,1471,1
Computer Science,Operating Systems,755,1
Mathematics,Discrete Mathematics,51,1
Physics,Electromagnetism,1414,1
Physics,Mechanics,265,1
Physics,Mechanics,671,1
Physics,Mechanics,211,1
Computer Science,Databases,762,1
Computer Science,Operating Systems,438,1
Computer Science,Databases,625,0
Physics,Quantum,644,1
Mathematics,Discrete Mathematics,1190,1
Physics,Quantum,210,0
Physics,Quantum,1488,0
Physics,Quantum,1161,1
Mathematics,Discrete Mathematics,708,1
Mathematics,Calculus,795,1
Physics,Mechanics,773,0
Computer Science,Operating Systems,993,0
Physics,Electromagnetism,48,1
Physics,Mechanics,668,0
Physics,Mechanics,173,0
Physics,Mechanics,1203,0
Mathematics,Discrete Mathematics,108,0
Computer Science,Databases,1186,1
Computer Science,Databases,1376,1
Computer Science,Operating Systems,166,1
Mathematics,Calculus,36,0
Physics,Quantum,784,1
Computer Science,Databases,1484,1
Computer Science,Databases,724,0
Physics,Electromagnetism,537,1
Physics,Mechanics,1028,0
Computer Science,Databases,1204,0
Computer Science,Operating Systems,1176,1
Computer Science,Databases,1129,1
Computer Science,Operating Systems,76,1
Computer Science,Databases,222,1
Mathematics,Discrete Mathematics,430,0
Physics,Mechanics,104,1
Computer Science,Operating Systems,394,1
Physics,Electromagnetism,705,1
Mathematics,Discrete Mathematics,1080,0
Physics,Quantum,73,1
Mathematics,Discrete Mathematics,980,1
Computer Science,Databases,27,0
Computer Science,Databases,1315,0
Computer Science,Databases,1143,0
Mathematics,Discrete Mathematics,507,1
Computer Science,Databases,661,0
Mathematics,Calculus,1474,1
Mathematics,Discrete Mathematics,545,0
Mathematics,Discrete Mathematics,698,0
Computer Science,Databases,1054,1
Physics,Electromagnetism,1107,1
Computer Science,Operating Systems,33,1
Computer Science,Operating Systems,771,1
Computer Science,Databases,166,0
Computer Science,Operating Systems,246,1
Mathematics,Discrete Mathematics,208,1
Mathematics,Calculus,1491,0
Computer Science,Databases,34,1
Physics,Quantum,356,1
Mathematics,Calculus,56,0
Physics,Mechanics,1157,1
Mathematics,Discrete Mathematics,153,0
Physics,Mechanics,803,1
Computer Science,Databases,788,1
Mathematics,Calculus,1361,0
Physics,Electromagnetism,1233,1
Computer Science,Operating Systems,404,1
Mathematics,Calculus,35,1
Mathematics,Calculus,813,1
Physics,Mechanics,733,0
Physics,Electromagnetism,3,0
Mathematics,Discrete Mathematics,849,1
Computer Science,Operating Systems,828,1
Computer Science,Operating Systems,1356,1
Mathematics,Discrete Mathematics,653,1
Physics,Electromagnetism,1240,1
Physics,Electromagnetism,1451,1
Physics,Quantum,425,1
Physics,Electromagnetism,962,1
Computer Science,Operating Systems,594,0
Mathematics,Discrete Mathematics,1132,1
Physics,Quantum,364,0
Mathematics,Discrete Mathematics,1322,0
Physics,Electromagnetism,322,0
Physics,Quantum,1310,1
Physics,Quantum,181,1
Mathematics,Calculus,15,0
Computer Science,Operating Systems,279,0
Mathematics,Calculus,658,1
Physics,Electromagnetism,1007,0
Computer Science,Operating Systems,1456,1
Physics,Quantum,475,1
Computer Science,Operating Systems,330,0
Mathematics,Discrete Mathematics,672,0
Physics,Quantum,118,1
Computer Science,Databases,341,0
Mathematics,Discrete Mathematics,613,1
Mathematics,Calculus,21,1
Mathematics,Discrete Mathematics,306,0
Computer Science,Operating Systems,1451,0
Physics,Electromagnetism,163,0
Mathematics,Calculus,1340,1
Mathematics,Discrete Mathematics,1394,1
Computer Science,Operating Systems,786,0
Mathematics,Discrete Mathematics,237,1
Physics,Quantum,485,1
Mathematics,Discrete Mathematics,79,0
Mathematics,Discrete Mathematics,758,1
Computer Science,Operating Systems,811,1
Physics,Electromagnetism,1385,1
Computer Science,Operating Systems,1450,1
Mathematics,Calculus,1133,1
Computer Science,Databases,679,0
Computer Science,Databases,1261,0
Mathematics,Discrete Mathematics,1240,0
Mathematics,Calculus,212,0
Physics,Electromagnetism,24,1
Mathematics,Calculus,338,0
Computer Science,Databases,1427,1
Physics,Electromagnetism,491,0
Physics,Quantum,1056,1
Physics,Mechanics,1305,1
Physics,Electromagnetism,972,1
Computer Science,Databases,134,1
Physics,Quantum,1279,0
Mathematics,Discrete Mathematics,297,1
Computer Science,Databases,1044,1
Physics,Electromagnetism,801,1
Physics,Quantum,418,1
Computer Science,Operating Systems,325,1
Physics,Quantum,595,1
Physics,Electromagnetism,1392,0
Computer Science,Databases,1088,1
Mathematics,Calculus,952,0
Mathematics,Discrete Mathematics,1428,1
Computer Science,Databases,1392,1
Mathematics,Discrete Mathematics,905,0
Mathematics,Calculus,1172,1
Computer Science,Operating Systems,1034,1
Mathematics,Calculus,875,1
Physics,Electromagnetism,782,1
Physics,Electromagnetism,351,0
Physics,Quantum,1493,0
Computer Science,Databases,97,1
Mathematics,Calculus,239,1
Computer Science,Operating Systems,434,1
Physics,Quantum,1331,1
Physics,Electromagnetism,507,1
Physics,Mechanics,1041,1
Physics,Quantum,1370,1
Physics,Mechanics,599,1
Mathematics,Calculus,1348,1
Physics,Mechanics,903,1
Mathematics,Calculus,261,1
Physics,Electromagnetism,638,0
Computer Science,Databases,243,1
Physics,Mechanics,666,1
Physics,Electromagnetism,458,1
Mathematics,Calculus,1091,1
Physics,Electromagnetism,1348,1
Computer Science,Operating Systems,689,1
Computer Science,Databases,909,0
Mathematics,Discrete Mathematics,372,0
Physics,Mechanics,47,1
Physics,Electromagnetism,14,1
Physics,Quantum,225,0
Physics,Mechanics,1276,1
Physics,Mechanics,37,1
Physics,Mechanics,1445,1
Computer Science,Operating Systems,603,0
Mathematics,Discrete Mathematics,76,0
Computer Science,Databases,739,0
Computer Science,Databases,207,1
Mathematics,Discrete Mathematics,510,1
Mathematics,Calculus,61,1
Mathematics,Discrete Mathematics,1222,0
Physics,Mechanics,645,1
Physics,Electromagnetism,945,0
Mathematics,Discrete Mathematics,627,1
Mathematics,Calculus,1435,1
Physics,Mechanics,193,1
Computer Science,Operating Systems,345,1
Mathematics,Calculus,100,0
Computer Science,Databases,900,1
Physics,Electromagnetism,616,0
Mathematics,Calculus,1063,1
Physics,Quantum,1380,1
Physics,Quantum,1171,0
Physics,Quantum,788,1
Mathematics,Calculus,245,0
Mathematics,Discrete Mathematics,1023,1
Physics,Electromagnetism,1025,1
Computer Science,Operating Systems,1156,0
Physics,Electromagnetism,413,1
Mathematics,Calculus,637,1
Physics,Quantum,286,1
Physics,Mechanics,680,1
Computer Science,Databases,367,1
Physics,Mechanics,1312,1
Physics,Quantum,17,1
Physics,Mechanics,638,0
Computer Science,Databases,230,0
Mathematics,Calculus,1376,1
Computer Science,Operating Systems,117,0
Physics,Mechanics,166,1
Mathematics,Discrete Mathematics,44,0
Computer Science,Operating Systems,737,0
Computer Science,Operating Systems,1234,0
Physics,Quantum,312,0
Physics,Quantum,1281,1
Physics,Quantum,656,0
Mathematics,Discrete Mathematics,145,1
Physics,Electromagnetism,159,1
Computer Science,Operating Systems,63,1
Physics,Electromagnetism,495,1
Physics,Mechanics,101,1
Computer Science,Operating Systems,1462,0
Computer Science,Operating Systems,473,1
Physics,Mechanics,1177,1
Physics,Quantum,1071,1
Mathematics,Discrete Mathematics,1091,0
Physics,Mechanics,726,1
Physics,Quantum,937,1
Computer Science,Operating Systems,664,1
Mathematics,Discrete Mathematics,1457,1
Computer Science,Operating Systems,1353,0
Physics,Mechanics,628,0
Computer Science,Databases,237,1
Mathematics,Discrete Mathematics,642,1
Computer Science,Databases,1288,1
Computer Science,Databases,461,1
Computer Science,Operating Systems,215,1
Physics,Quantum,1496,1
Mathematics,Calculus,730,0
Mathematics,Calculus,68,1
Computer Science,Operating Systems,518,1
Physics,Electromagnetism,108,0
Computer Science,Databases,307,1
Computer Science,Operating Systems,245,1
Physics,Quantum,338,0
Computer Science,Operating Systems,427,1
Mathematics,Calculus,1318,1
Physics,Quantum,665,1
Mathematics,Discrete Mathematics,843,0
Physics,Quantum,1486,0
Mathematics,Discrete Mathematics,536,0
Mathematics,Discrete Mathematics,744,1
Mathematics,Discrete Mathematics,871,1
Mathematics,Calculus,1240,0
Mathematics,Discrete Mathematics,1287,1
Mathematics,Discrete Mathematics,1167,1
Computer Science,Operating Systems,1088,0
Physics,Quantum,188,1
Physics,Quantum,877,0
Mathematics,Calculus,1255,1
Physics,Quantum,268,1
Computer Science,Databases,178,0
Physics,Electromagnetism,860,0
Physics,Electromagnetism,695,1
Physics,Mechanics,180,1
Mathematics,Discrete Mathematics,754,1
Physics,Mechanics,421,0
Computer Science,Databases,218,1
Mathematics,Discrete Mathematics,1169,1
Physics,Electromagnetism,490,1
Physics,Electromagnetism,1453,0
Mathematics,Discrete Mathematics,842,1
Computer Science,Databases,280,1
Physics,Quantum,549,1
Physics,Quantum,546,0
Physics,Electromagnetism,179,1
Mathematics,Discrete Mathematics,788,1
Mathematics,Calculus,227,0
Physics,Electromagnetism,589,1
Physics,Mechanics,826,1
Mathematics,Discrete Mathematics,603,0
Physics,Electromagnetism,832,1
Physics,Electromagnetism,119,0
Physics,Mechanics,1277,0
Computer Science,Databases,1347,1
Physics,Quantum,701,1
Physics,Electromagnetism,1179,1
Computer Science,Databases,1372,1
Computer Science,Databases,453,0
Physics,Electromagnetism,626,0
Physics,Electromagnetism,786,0
Physics,Mechanics,523,1
Physics,Quantum,329,0
Mathematics,Discrete Mathematics,1487,1
Mathematics,Discrete Mathematics,544,1
Mathematics,Discrete Mathematics,760,1
Physics,Quantum,1037,1
Computer Science,Operating Systems,50,0
Mathematics,Calculus,402,0
Mathematics,Calculus,554,0
Mathematics,Calculus,641,0
Computer Science,Operating Systems,1128,1
Computer Science,Databases,1029,1
Mathematics,Calculus,793,1
Computer Science,Operating Systems,277,1
Computer Science,Databases,834,0
Mathematics,Discrete Mathematics,638,0
Mathematics,Discrete Mathematics,1045,0
Physics,Mechanics,1390,1
Mathematics,Discrete Mathematics,711,1
Mathematics,Discrete Mathematics,1239,0
Physics,Mechanics,1216,0
Physics,Mechanics,548,1
Mathematics,Discrete Mathematics,184,1
Mathematics,Discrete Mathematics,982,0
Mathematics,Calculus,466,1
Mathematics,Calculus,789,0
Computer Science,Operating Systems,1408,1
Computer Science,Operating Systems,909,0
Physics,Mechanics,1048,0
Physics,Quantum,1141,1
Physics,Mechanics,1493,1
Mathematics,Calculus,1264,1
Computer Science,Databases,44,1
Computer Science,Operating Systems,440,0
Physics,Electromagnetism,1202,1
Computer Science,Databases,998,0
Physics,Mechanics,75,1
Mathematics,Discrete Mathematics,1238,1
Computer Science,Operating Systems,1310,1
Computer Science,Operating Systems,1400,0
Physics,Electromagnetism,125,1
Mathematics,Discrete Mathematics,964,1
Computer Science,Databases,910,1
Physics,Electromagnetism,1406,1
Mathematics,Calculus,1441,1
Physics,Mechanics,1455,1
Physics,Quantum,1193,0
Mathematics,Calculus,1396,1
Physics,Mechanics,428,1
Physics,Quantum,533,1
Physics,Electromagnetism,253,1
Computer Science,Operating Systems,769,1
Mathematics,Discrete Mathematics,90,1
Physics,Mechanics,403,1
Physics,Electromagnetism,1056,1
Computer Science,Operating Systems,390,1
Mathematics,Discrete Mathematics,227,1
Physics,Electromagnetism,80,1
Physics,Mechanics,437,0
Computer Science,Operating Systems,813,1
Physics,Electromagnetism,1000,1
Physics,Quantum,238,0
Physics,Quantum,1260,0
Computer Science,Databases,477,0
Mathematics,Calculus,1278,1
Physics,Quantum,516,1
Computer Science,Operating Systems,1022,1
Mathematics,Calculus,131,1
Computer Science,Databases,1249,0
Computer Science,Databases,1161,0
Physics,Mechanics,895,1
Mathematics,Calculus,677,1
Physics,Electromagnetism,301,0
Mathematics,Discrete Mathematics,197,1
Computer Science,Operating Systems,1376,1
Mathematics,Discrete Mathematics,1261,1
Computer Science,Databases,1021,1
Computer Science,Databases,85,1
Computer Science,Databases,1032,1
Physics,Quantum,211,0
Computer Science,Databases,249,1
Physics,Electromagnetism,187,1
Physics,Electromagnetism,842,1
Physics,Quantum,324,1
Physics,Electromagnetism,1278,0
Computer Science,Databases,1339,1
Physics,Quantum,279,0
Computer Science,Operating Systems,113,1
Physics,Electromagnetism,631,1
Mathematics,Calculus,783,1
Physics,Electromagnetism,46,1
Computer Science,Databases,383,1
Physics,Mechanics,446,1
Mathematics,Discrete Mathematics,256,1
Mathematics,Calculus,1395,0
Physics,Mechanics,220,1
Physics,Quantum,360,0
Mathematics,Calculus,543,0
Physics,Mechanics,563,0
Mathematics,Calculus,1192,1
Computer Science,Databases,212,1
Physics,Electromagnetism,614,1
Physics,Electromagnetism,573,0
Computer Science,Operating Systems,1161,1
Computer Science,Operating Systems,1426,1
Physics,Electromagnetism,971,1
Mathematics,Calculus,633,0
Mathematics,Calculus,1042,0
Computer Science,Operating Systems,812,1
Mathematics,Calculus,238,1
Physics,Electromagnetism,1245,1
Physics,Mechanics,109,0
Physics,Mechanics,71,0
Physics,Electromagnetism,208,0
Mathematics,Calculus,162,0
Mathematics,Calculus,184,1
Computer Science,Databases,1013,1
Mathematics,Calculus,65,1
Physics,Quantum,385,0
Mathematics,Calculus,96,1
Mathematics,Discrete Mathematics,109,1
Physics,Mechanics,18,1
Physics,Mechanics,1261,1
Computer Science,Operating Systems,808,1
Mathematics,Discrete Mathematics,250,1
Physics,Quantum,1302,1
Physics,Quantum,1265,1
Physics,Quantum,37,0
Physics,Quantum,200,0
Mathematics,Calculus,1162,1
Computer Science,Databases,965,0
Computer Science,Databases,1299,1
Mathematics,Discrete Mathematics,61,1
Computer Science,Databases,29,1
Physics,Electromagnetism,578,1
Physics,Mechanics,511,1
Computer Science,Databases,78,1
Computer Science,Operating Systems,391,1
Computer Science,Databases,1496,1
Physics,Mechanics,699,1
Physics,Mechanics,1360,0
Physics,Electromagnetism,99,1
Physics,Electromagnetism,209,0
Computer Science,Operating Systems,531,1
Physics,Electromagnetism,305,1
Computer Science,Operating Systems,1337,1
Physics,Mechanics,452,1
Computer Science,Databases,991,1
Mathematics,Discrete Mathematics,981,1
Mathematics,Calculus,610,0
Computer Science,Databases,1242,1
Mathematics,Calculus,1498,0
Computer Science,Databases,1083,1
Computer Science,Databases,963,1
Computer Science,Databases,241,1
Mathematics,Discrete Mathematics,422,1
Computer Science,Databases,427,1
Computer Science,Operating Systems,413,0
Mathematics,Calculus,1035,1
Physics,Quantum,1069,1
Computer Science,Operating Systems,724,0
Computer Science,Operating Systems,514,1
Mathematics,Calculus,1300,1
Physics,Mechanics,431,0
Mathematics,Calculus,371,1
Computer Science,Databases,1175,0
Mathematics,Discrete Mathematics,36,1
Computer Science,Algorithms,108,1
Computer Science,Algorithms,332,1
Computer Science,Algorithms,505,1
Computer Science,Algorithms,1121,1
Computer Science,Algorithms,554,1
Computer Science,Algorithms,645,1
Computer Science,Algorithms,95,1
Computer Science,Algorithms,1462,1
Computer Science,Algorithms,1235,1
Computer Science,Algorithms,1286,1
Computer Science,Algorithms,964,1
Computer Science,Algorithms,230,1
Computer Science,Algorithms,1356,1
Computer Science,Algorithms,993,1
Computer Science,Algorithms,180,1
Computer Science,Algorithms,11,1
Computer Science,Algorithms,1353,1
Computer Science,Algorithms,261,1
Computer Science,Algorithms,572,1
Computer Science,Algorithms,319,1
Computer Science,Algorithms,1333,1
Computer Science,Algorithms,407,1
Computer Science,Algorithms,1395,1
Computer Science,Algorithms,807,1
Computer Science,Algorithms,452,1
Computer Science,Algorithms,623,1
Computer Science,Algorithms,1222,1
Computer Science,Algorithms,800,1
Computer Science,Algorithms,204,1
Computer Science,Algorithms,1500,1
Computer Science,Algorithms,889,1
Computer Science,Algorithms,685,1
Computer Science,Algorithms,1419,1
Computer Science,Algorithms,514,1
Computer Science,Algorithms,267,1
Computer Science,Algorithms,268,1
Computer Science,Algorithms,740,1
Computer Science,Algorithms,427,1
Computer Science,Algorithms,790,1
Computer Science,Algorithms,209,1
Computer Science,Algorithms,231,1
Computer Science,Algorithms,71,1
Computer Science,Algorithms,1430,1
Computer Science,Algorithms,959,1
Computer Science,Algorithms,22,1
Computer Science,Algorithms,79,1
Computer Science,Algorithms,322,1
Computer Science,Algorithms,117,1
Computer Science,Algorithms,166,1
Computer Science,Algorithms,75,1
Computer Science,Algorithms,1266,1
Computer Science,Algorithms,869,1
Computer Science,Algorithms,746,1
Computer Science,Algorithms,107,1
Computer Science,Algorithms,1175,1
Computer Science,Algorithms,184,1
Computer Science,Algorithms,1074,1
Computer Science,Algorithms,1185,1
Computer Science,Algorithms,516,1
Computer Science,Algorithms,387,1
Computer Science,Algorithms,167,1
Computer Science,Algorithms,1107,1
Computer Science,Algorithms,45,1
Computer Science,Algorithms,364,1
Computer Science,Algorithms,1273,1
Computer Science,Algorithms,525,1
Computer Science,Algorithms,1254,1
Computer Science,Algorithms,1260,1
Computer Science,Algorithms,1165,1
Computer Science,Algorithms,1386,1
Computer Science,Algorithms,1162,1
Computer Science,Algorithms,994,1
Computer Science,Algorithms,156,1
Computer Science,Algorithms,1159,1
Computer Science,Algorithms,289,1
Computer Science,Algorithms,658,1
Computer Science,Algorithms,141,1
Computer Science,Algorithms,155,1
Computer Science,Algorithms,1454,1
Computer Science,Algorithms,401,1
Computer Science,Algorithms,765,1
Computer Science,Algorithms,836,1
Computer Science,Algorithms,339,1
Computer Science,Algorithms,1083,1
Computer Science,Algorithms,1405,1
Computer Science,Algorithms,65,1
Computer Science,Algorithms,934,1
Computer Science,Algorithms,918,1
Computer Science,Algorithms,530,1
Computer Science,Algorithms,72,1
Computer Science,Algorithms,698,1
Computer Science,Algorithms,1303,1
Computer Science,Algorithms,538,1
Computer Science,Algorithms,1017,1
Computer Science,Algorithms,330,1
Computer Science,Algorithms,375,1
Computer Science,Algorithms,253,1
Computer Science,Algorithms,731,1
Computer Science,Algorithms,600,1
Computer Science,Algorithms,214,1
Computer Science,Algorithms,985,1
Computer Science,Algorithms,1295,1
Computer Science,Algorithms,556,1
Computer Science,Algorithms,417,1
Computer Science,Algorithms,34,1
Computer Science,Algorithms,703,1
Computer Science,Algorithms,352,1
Computer Science,Algorithms,411,1
Computer Science,Algorithms,784,1
Computer Science,Algorithms,1351,1
Computer Science,Algorithms,368,1
Computer Science,Algorithms,331,1
Computer Science,Algorithms,1122,1
Computer Science,Algorithms,1097,1
Computer Science,Algorithms,1478,1
Computer Science,Algorithms,1023,1
Computer Science,Algorithms,178,1
Computer Science,Algorithms,860,1
Computer Science,Algorithms,1197,1
Computer Science,Algorithms,342,1
Computer Science,Algorithms,1495,1
Computer Science,Algorithms,1055,1
Computer Science,Algorithms,388,1
Computer Science,Algorithms,817,1
Computer Science,Algorithms,1069,1
Computer Science,Algorithms,853,1
Computer Science,Algorithms,484,1
Computer Science,Algorithms,928,1
Computer Science,Algorithms,559,1
Computer Science,Algorithms,1225,1
Computer Science,Algorithms,1189,1
Computer Science,Algorithms,1486,1
Computer Science,Algorithms,543,1
Computer Science,Algorithms,766,1
Computer Science,Algorithms,39,1
Computer Science,Algorithms,958,1
Computer Science,Algorithms,1192,1
Computer Science,Algorithms,775,1
Computer Science,Algorithms,199,1
Computer Science,Algorithms,569,1
Computer Science,Algorithms,56,1
Computer Science,Algorithms,1380,1
Computer Science,Algorithms,1101,1
Computer Science,Algorithms,244,1
Computer Science,Algorithms,1449,1
Computer Science,Algorithms,1103,1
Computer Science,Algorithms,518,1
Computer Science,Algorithms,136,1
Computer Science,Algorithms,787,1
Computer Science,Algorithms,277,1
Computer Science,Algorithms,161,1
Computer Science,Algorithms,669,1
Computer Science,Algorithms,945,1
Computer Science,Algorithms,1253,1
Computer Science,Algorithms,298,1
Computer Science,Algorithms,1283,1
Computer Science,Algorithms,585,1
Computer Science,Algorithms,909,1
Computer Science,Algorithms,722,1
Computer Science,Algorithms,1173,1
Computer Science,Algorithms,1437,1
Computer Science,Algorithms,273,1
Computer Science,Algorithms,190,1
Computer Science,Algorithms,856,1
Computer Science,Algorithms,855,1
Computer Science,Algorithms,1170,1
Computer Science,Algorithms,688,1
Computer Science,Algorithms,1043,1
Computer Science,Algorithms,661,1
Computer Science,Algorithms,329,1
Computer Science,Algorithms,397,1
Computer Science,Algorithms,1320,1
Computer Science,Algorithms,197,1
Computer Science,Algorithms,1191,1
Computer Science,Algorithms,687,1
Computer Science,Algorithms,1196,1
Computer Science,Algorithms,565,1
Computer Science,Algorithms,285,1
Computer Science,Algorithms,767,1
Computer Science,Algorithms,976,1
Computer Science,Algorithms,1139,1
Computer Science,Algorithms,1194,1
Computer Science,Algorithms,1190,1
Computer Science,Algorithms,351,1
Computer Science,Algorithms,946,1
Computer Science,Algorithms,391,1
Computer Science,Algorithms,727,1
Computer Science,Algorithms,1302,1
Computer Science,Algorithms,361,1
Computer Science,Algorithms,774,1
Computer Science,Algorithms,1251,1
Computer Science,Algorithms,970,1
Computer Science,Algorithms,399,1
Computer Science,Algorithms,106,1
Computer Science,Algorithms,615,1
Computer Science,Algorithms,567,1
Computer Science,Algorithms,187,1
Computer Science,Algorithms,953,1
Computer Science,Algorithms,1133,1
Computer Science,Algorithms,588,1
Computer Science,Algorithms,533,1
Computer Science,Algorithms,343,1
Computer Science,Algorithms,598,1
Computer Science,Algorithms,360,1
Computer Science,Algorithms,153,1
Computer Science,Algorithms,402,1
Computer Science,Algorithms,996,1
Computer Science,Algorithms,783,1
Computer Science,Algorithms,1489,1
Computer Science,Algorithms,1099,1
Computer Science,Algorithms,1280,1
Computer Science,Algorithms,269,1
Computer Science,Algorithms,192,1
Computer Science,Algorithms,51,1
Computer Science,Algorithms,654,1
Computer Science,Algorithms,220,1
Computer Science,Algorithms,1304,1
Computer Science,Algorithms,977,1
Computer Science,Algorithms,821,1
Computer Science,Algorithms,1465,1
Computer Science,Algorithms,620,1
Computer Science,Algorithms,988,1
Computer Science,Algorithms,564,1
Computer Science,Algorithms,1305,1
Computer Science,Algorithms,271,1
Computer Science,Algorithms,997,1
Computer Science,Algorithms,1284,1
Computer Science,Algorithms,847,1
Computer Science,Algorithms,20,1
Computer Science,Algorithms,797,1
Computer Science,Algorithms,1108,1
Computer Science,Algorithms,636,1
Computer Science,Algorithms,781,1
Computer Science,Algorithms,841,0
Computer Science,Algorithms,1092,0
Computer Science,Algorithms,14,0
Computer Science,Algorithms,81,0
Computer Science,Algorithms,535,0
Computer Science,Algorithms,799,0
Computer Science,Algorithms,1186,0
Computer Science,Algorithms,1064,0
Computer Science,Algorithms,1238,0
Computer Science,Algorithms,1292,0
Computer Science,Algorithms,302,0
Computer Science,Algorithms,657,0
Computer Science,Algorithms,1217,0
Computer Science,Algorithms,848,0
Computer Science,Algorithms,482,0
Computer Science,Algorithms,1094,0
Computer Science,Algorithms,973,0
Computer Science,Algorithms,866,0
Computer Science,Algorithms,1492,0
Computer Science,Algorithms,438,0
Computer Science,Algorithms,1330,0
Computer Science,Algorithms,1359,0
Computer Science,Algorithms,1220,0
Computer Science,Algorithms,381,0
Computer Science,Algorithms,837,0
Computer Science,Algorithms,1375,0
Computer Science,Algorithms,498,0
Computer Science,Algorithms,162,0
Computer Science,Algorithms,1421,0
Computer Science,Algorithms,1299,0
Computer Science,Algorithms,1009,0
Computer Science,Algorithms,1377,0
Computer Science,Algorithms,1007,0
Computer Science,Algorithms,1354,0
Computer Science,Algorithms,224,0
Computer Science,Algorithms,761,0
Computer Science,Algorithms,1466,0
Computer Science,Algorithms,242,0
Computer Science,Algorithms,1129,0
Computer Science,Algorithms,1005,0
Computer Science,Algorithms,819,0
Computer Science,Algorithms,404,0
Computer Science,Algorithms,1411,0
Computer Science,Algorithms,450,0
Computer Science,Algorithms,724,0
Computer Science,Algorithms,409,0
Computer Science,Algorithms,592,0
Computer Science,Algorithms,150,0
Computer Science,Algorithms,363,0
Computer Science,Algorithms,1084,0
Computer Science,Algorithms,1200,0
Computer Science,Algorithms,43,0
Computer Science,Algorithms,825,0
Computer Science,Algorithms,346,0
Computer Science,Algorithms,414,0
Computer Science,Algorithms,1246,0
Computer Science,Algorithms,1102,0
Computer Science,Algorithms,467,0
Computer Science,Algorithms,557,0
Computer Science,Algorithms,307,0
Computer Science,Algorithms,266,0
Computer Science,Algorithms,1408,0
Computer Science,Algorithms,238,0
Mathematics,Linear Algebra,1208,1
Mathematics,Linear Algebra,1172,1
Mathematics,Linear Algebra,614,1
Mathematics,Linear Algebra,1449,1
Mathematics,Linear Algebra,1140,1
Mathematics,Linear Algebra,964,1
Mathematics,Linear Algebra,882,1
Mathematics,Linear Algebra,1272,1
Mathematics,Linear Algebra,129,1
Mathematics,Linear Algebra,112,1
Mathematics,Linear Algebra,1395,1
Mathematics,Linear Algebra,67,1
Mathematics,Linear Algebra,290,1
Mathematics,Linear Algebra,980,1
Mathematics,Linear Algebra,324,1
Mathematics,Linear Algebra,678,1
Mathematics,Linear Algebra,109,1
Mathematics,Linear Algebra,684,1
Mathematics,Linear Algebra,649,1
Mathematics,Linear Algebra,1485,1
Mathematics,Linear Algebra,1441,1
Mathematics,Linear Algebra,906,1
Mathematics,Linear Algebra,441,1
Mathematics,Linear Algebra,1470,1
Mathematics,Linear Algebra,541,1
Mathematics,Linear Algebra,791,1
Mathematics,Linear Algebra,512,1
Mathematics,Linear Algebra,10,1
Mathematics,Linear Algebra,211,1
Mathematics,Linear Algebra,621,1
Mathematics,Linear Algebra,47,1
Mathematics,Linear Algebra,1161,1
Mathematics,Linear Algebra,781,1
Mathematics,Linear Algebra,851,1
Mathematics,Linear Algebra,1290,1
Mathematics,Linear Algebra,1493,1
Mathematics,Linear Algebra,371,1
Mathematics,Linear Algebra,21,1
Mathematics,Linear Algebra,757,1
Mathematics,Linear Algebra,236,1
Mathematics,Linear Algebra,602,1
Mathematics,Linear Algebra,742,1
Mathematics,Linear Algebra,235,1
Mathematics,Linear Algebra,45,1
Mathematics,Linear Algebra,496,1
Mathematics,Linear Algebra,1076,1
Mathematics,Linear Algebra,1225,1
Mathematics,Linear Algebra,181,1
Mathematics,Linear Algebra,733,1
Mathematics,Linear Algebra,46,1
Mathematics,Linear Algebra,50,1
Mathematics,Linear Algebra,1201,1
Mathematics,Linear Algebra,254,1
Mathematics,Linear Algebra,1244,1
Mathematics,Linear Algebra,793,1
Mathematics,Linear Algebra,915,1
Mathematics,Linear Algebra,277,1
Mathematics,Linear Algebra,484,1
Mathematics,Linear Algebra,959,1
Mathematics,Linear Algebra,192,1
Mathematics,Linear Algebra,215,1
Mathematics,Linear Algebra,984,1
Mathematics,Linear Algebra,955,1
Mathematics,Linear Algebra,433,1
Mathematics,Linear Algebra,1297,1
Mathematics,Linear Algebra,911,1
Mathematics,Linear Algebra,1218,1
Mathematics,Linear Algebra,196,1
Mathematics,Linear Algebra,1415,1
Mathematics,Linear Algebra,601,1
Mathematics,Linear Algebra,232,1
Mathematics,Linear Algebra,773,1
Mathematics,Linear Algebra,296,1
Mathematics,Linear Algebra,172,1
Mathematics,Linear Algebra,1436,1
Mathematics,Linear Algebra,359,1
Mathematics,Linear Algebra,579,1
Mathematics,Linear Algebra,81,1
Mathematics,Linear Algebra,194,1
Mathematics,Linear Algebra,1168,1
Mathematics,Linear Algebra,269,1
Mathematics,Linear Algebra,322,1
Mathematics,Linear Algebra,749,1
Mathematics,Linear Algebra,805,1
Mathematics,Linear Algebra,909,1
Mathematics,Linear Algebra,237,1
Mathematics,Linear Algebra,1365,1
Mathematics,Linear Algebra,161,1
Mathematics,Linear Algebra,626,1
Mathematics,Linear Algebra,1402,1
Mathematics,Linear Algebra,369,1
Mathematics,Linear Algebra,1274,1
Mathematics,Linear Algebra,42,1
Mathematics,Linear Algebra,118,1
Mathematics,Linear Algebra,335,1
Mathematics,Linear Algebra,182,1
Mathematics,Linear Algebra,64,1
Mathematics,Linear Algebra,55,1
Mathematics,Linear Algebra,900,1
Mathematics,Linear Algebra,671,1
Mathematics,Linear Algebra,803,1
Mathematics,Linear Algebra,268,1
Mathematics,Linear Algebra,606,1
Mathematics,Linear Algebra,865,1
Mathematics,Linear Algebra,920,1
Mathematics,Linear Algebra,1411,1
Mathematics,Linear Algebra,282,1
Mathematics,Linear Algebra,304,1
Mathematics,Linear Algebra,1261,1
Mathematics,Linear Algebra,1279,1
Mathematics,Linear Algebra,677,1
Mathematics,Linear Algebra,262,1
Mathematics,Linear Algebra,1404,1
Mathematics,Linear Algebra,1012,1
Mathematics,Linear Algebra,22,1
Mathematics,Linear Algebra,1101,1
Mathematics,Linear Algebra,288,1
Mathematics,Linear Algebra,1233,1
Mathematics,Linear Algebra,204,1
Mathematics,Linear Algebra,1024,1
Mathematics,Linear Algebra,708,1
Mathematics,Linear Algebra,712,1
Mathematics,Linear Algebra,682,1
Mathematics,Linear Algebra,1086,1
Mathematics,Linear Algebra,644,1
Mathematics,Linear Algebra,283,1
Mathematics,Linear Algebra,1094,1
Mathematics,Linear Algebra,971,1
Mathematics,Linear Algebra,392,1
Mathematics,Linear Algebra,454,1
Mathematics,Linear Algebra,740,1
Mathematics,Linear Algebra,839,1
Mathematics,Linear Algebra,1369,1
Mathematics,Linear Algebra,1042,1
Mathematics,Linear Algebra,1223,1
Mathematics,Linear Algebra,1282,1
Mathematics,Linear Algebra,436,1
Mathematics,Linear Algebra,746,1
Mathematics,Linear Algebra,511,1
Mathematics,Linear Algebra,662,1
Mathematics,Linear Algebra,1204,1
Mathematics,Linear Algebra,1210,1
Mathematics,Linear Algebra,90,1
Mathematics,Linear Algebra,1002,1
Mathematics,Linear Algebra,724,1
Mathematics,Linear Algebra,1363,1
Mathematics,Linear Algebra,107,1
Mathematics,Linear Algebra,1171,1
Mathematics,Linear Algebra,27,1
Mathematics,Linear Algebra,1433,1
Mathematics,Linear Algebra,1367,1
Mathematics,Linear Algebra,405,1
Mathematics,Linear Algebra,41,1
Mathematics,Linear Algebra,1026,1
Mathematics,Linear Algebra,86,1
Mathematics,Linear Algebra,888,1
Mathematics,Linear Algebra,423,1
Mathematics,Linear Algebra,260,1
Mathematics,Linear Algebra,1162,1
Mathematics,Linear Algebra,133,1
Mathematics,Linear Algebra,994,1
Mathematics,Linear Algebra,174,1
Mathematics,Linear Algebra,7,1
Mathematics,Linear Algebra,330,1
Mathematics,Linear Algebra,565,1
Mathematics,Linear Algebra,1443,1
Mathematics,Linear Algebra,1364,1
Mathematics,Linear Algebra,121,1
Mathematics,Linear Algebra,420,1
Mathematics,Linear Algebra,1383,1
Mathematics,Linear Algebra,48,1
Mathematics,Linear Algebra,1056,1
Mathematics,Linear Algebra,1157,1
Mathematics,Linear Algebra,1038,1
Mathematics,Linear Algebra,800,1
Mathematics,Linear Algebra,774,1
Mathematics,Linear Algebra,467,1
Mathematics,Linear Algebra,1406,1
Mathematics,Linear Algebra,990,1
Mathematics,Linear Algebra,747,1
Mathematics,Linear Algebra,1146,1
Mathematics,Linear Algebra,95,1
Mathematics,Linear Algebra,367,1
Mathematics,Linear Algebra,139,1
Mathematics,Linear Algebra,1427,1
Mathematics,Linear Algebra,418,1
Mathematics,Linear Algebra,632,1
Mathematics,Linear Algebra,1128,1
Mathematics,Linear Algebra,812,1
Mathematics,Linear Algebra,343,1
Mathematics,Linear Algebra,874,1
Mathematics,Linear Algebra,230,1
Mathematics,Linear Algebra,469,1
Mathematics,Linear Algebra,1070,1
Mathematics,Linear Algebra,598,1
Mathematics,Linear Algebra,1041,1
Mathematics,Linear Algebra,1486,1
Mathematics,Linear Algebra,1105,1
Mathematics,Linear Algebra,373,1
Mathematics,Linear Algebra,634,1
Mathematics,Linear Algebra,737,1
Mathematics,Linear Algebra,799,1
Mathematics,Linear Algebra,472,1
Mathematics,Linear Algebra,1135,1
Mathematics,Linear Algebra,44,1
Mathematics,Linear Algebra,1036,1
Mathematics,Linear Algebra,183,1
Mathematics,Linear Algebra,180,1
Mathematics,Linear Algebra,710,1
Mathematics,Linear Algebra,275,1
Mathematics,Linear Algebra,692,1
Mathematics,Linear Algebra,1330,1
Mathematics,Linear Algebra,1418,1
Mathematics,Linear Algebra,401,1
Mathematics,Linear Algebra,547,1
Mathematics,Linear Algebra,281,1
Mathematics,Linear Algebra,1379,1
Mathematics,Linear Algebra,379,1
Mathematics,Linear Algebra,925,1
Mathematics,Linear Algebra,247,1
Mathematics,Linear Algebra,49,1
Mathematics,Linear Algebra,1137,1
Mathematics,Linear Algebra,1111,1
Mathematics,Linear Algebra,755,1
Mathematics,Linear Algebra,1278,1
Mathematics,Linear Algebra,1458,1
Mathematics,Linear Algebra,507,1
Mathematics,Linear Algebra,492,1
Mathematics,Linear Algebra,501,1
Mathematics,Linear Algebra,357,1
Mathematics,Linear Algebra,411,1
Mathematics,Linear Algebra,252,1
Mathematics,Linear Algebra,1304,1
Mathematics,Linear Algebra,1010,0
Mathematics,Linear Algebra,240,0
Mathematics,Linear Algebra,727,0
Mathematics,Linear Algebra,1158,0
Mathematics,Linear Algebra,826,0
Mathematics,Linear Algebra,995,0
Mathematics,Linear Algebra,1287,0
Mathematics,Linear Algebra,1378,0
Mathematics,Linear Algebra,1420,0
Mathematics,Linear Algebra,1227,0
Mathematics,Linear Algebra,1025,0
Mathematics,Linear Algebra,1160,0
Mathematics,Linear Algebra,1276,0
Mathematics,Linear Algebra,666,0
Mathematics,Linear Algebra,1046,0
Mathematics,Linear Algebra,208,0
Mathematics,Linear Algebra,953,0
Mathematics,Linear Algebra,298,0
Mathematics,Linear Algebra,1132,0
Mathematics,Linear Algebra,582,0
Mathematics,Linear Algebra,1219,0
Mathematics,Linear Algebra,972,0
Mathematics,Linear Algebra,82,0
Mathematics,Linear Algebra,1144,0
Mathematics,Linear Algebra,325,0
Mathematics,Linear Algebra,952,0
Mathematics,Linear Algebra,1405,0
Mathematics,Linear Algebra,540,0
Mathematics,Linear Algebra,8,0
Mathematics,Linear Algebra,1191,0
Mathematics,Linear Algebra,651,0
Mathematics,Linear Algebra,261,0
Mathematics,Linear Algebra,871,0
Mathematics,Linear Algebra,1453,0
Mathematics,Linear Algebra,721,0
Mathematics,Linear Algebra,1430,0
Mathematics,Linear Algebra,1082,0
Mathematics,Linear Algebra,456,0
Mathematics,Linear Algebra,1377,0
Mathematics,Linear Algebra,853,0
Mathematics,Linear Algebra,852,0
Mathematics,Linear Algebra,1159,0
Mathematics,Linear Algebra,1342,0
Mathematics,Linear Algebra,134,0
Mathematics,Linear Algebra,87,0
Mathematics,Linear Algebra,320,0
Mathematics,Linear Algebra,307,0
Mathematics,Linear Algebra,51,0
Mathematics,Linear Algebra,449,0
Mathematics,Linear Algebra,1176,0
Mathematics,Linear Algebra,707,0
Mathematics,Linear Algebra,354,0
Mathematics,Linear Algebra,473,0
Mathematics,Linear Algebra,160,0
Mathematics,Linear Algebra,864,0
Mathematics,Linear Algebra,148,0
Mathematics,Linear Algebra,670,0
Mathematics,Linear Algebra,203,0
Mathematics,Linear Algebra,1037,0
Mathematics,Linear Algebra,1476,0
Mathematics,Linear Algebra,663,0
Mathematics,Linear Algebra,542,0
Mathematics,Linear Algebra,966,0